# Gertler & Karadi (2015) monthly US dataset, 1979:7-2012:6 (T = 396).
# Columns: logcpi = 100*log CPI, logip = 100*log industrial production, gs1 = 1-year Treasury
#   rate (percent), ebp = Gilchrist-Zakrajsek excess bond premium (percentage points), and the
#   high-frequency FOMC-surprise instruments (percentage points; empty = outside availability):
#   ff4_tc = 3-month-ahead fed funds futures surprise (the paper's baseline, available 1990:1-2012:6;
#   the paper's baseline estimation uses 1991:1-2012:6), mp1_tc = current-month fed funds futures
#   surprise (1988:11-), ed2_tc/ed3_tc/ed4_tc = 2-4-quarter-ahead eurodollar futures surprises
#   (1984:1-). "_tc" = the authors' tight (30-minute) event window series.
# Source: Gertler, M. & Karadi, P. (2015), "Monetary Policy Surprises, Credit Costs, and Economic
#   Activity", American Economic Journal: Macroeconomics 7(1):44-76 -- the authors' public AEJ
#   replication dataset. Obtained verbatim from the mirror in the Plagborg-Moller & Wolf SVMA-IV
#   replication repository (github.com/mikkelpm/svma_iv, applications/gk/gk2015.csv), and
#   cross-checked column-by-column against the independent mirror in Cesa-Bianchi's VAR-Toolbox
#   (github.com/ambropo/VAR-Toolbox, Replic/GK2015/GK2015_Data.xlsx): shared columns agree to
#   float-print precision (<= 1e-6) and the instrument availability windows are identical.
#   The underlying series are US-government statistics (CPI, IP, Treasury yields), the
#   Gilchrist-Zakrajsek (2012, AER) excess bond premium, and the authors' published futures-surprise
#   series. Redistributed with attribution; please cite Gertler & Karadi (2015) if you use this
#   file. Retrieved 2026-08-19.
date,logcpi,logip,gs1,ebp,ff4_tc,mp1_tc,ed2_tc,ed3_tc,ed4_tc
1979-07,429.0459,394.33411,9.6400003,-.22395299,,,,,
1979-08,430.00031,393.67551,9.9799995,-.31748801,,,,,
1979-09,430.94559,393.81561,10.84,-.089455999,,,,,
1979-10,432.01511,394.3526,12.44,-.91215801,,,,,
1979-11,433.0733,394.25211,12.39,-.16622201,,,,,
1979-12,434.25061,394.32251,11.98,.127869,,,,,
1980-01,435.6709,394.75119,12.06,-.102562,,,,,
1980-02,436.94479,394.82971,13.92,-.58488202,,,,,
1980-03,438.32761,394.52219,15.82,.25607601,,,,,
1980-04,439.32141,392.48209,13.3,-.73117501,,,,,
1980-05,440.30539,389.9928,9.3900003,.024596,,,,,
1980-06,441.27979,388.76419,8.1599998,-.089556001,,,,,
1980-07,441.401,388.1019,8.6499996,.093039997,,,,,
1980-08,442.12469,388.38931,10.24,-.041168999,,,,,
1980-09,442.96259,389.98679,11.52,-.073297001,,,,,
1980-10,443.91159,391.2341,12.49,-.297335,,,,,
1980-11,444.96851,392.94519,14.15,.26447001,,,,,
1980-12,445.8988,393.53491,14.88,-.103086,,,,,
1981-01,446.8204,392.9798,14.08,.324857,,,,,
1981-02,447.7337,392.5141,14.57,.103979,,,,,
1981-03,448.41321,393.0321,13.71,-.035854999,,,,,
1981-04,448.97589,392.60281,14.32,.50134301,,,,,
1981-05,449.64709,393.21509,16.200001,.26379901,,,,,
1981-06,450.535,393.67551,14.86,.42459199,,,,,
1981-07,451.63391,394.302,15.72,.412094,,,,,
1981-08,452.396,394.29501,16.719999,.239638,,,,,
1981-09,453.3674,393.65948,16.52,.39655101,,,,,
1981-10,453.68909,392.9584,15.38,.57229,,,,,
1981-11,454.11649,391.84879,12.41,.160274,,,,,
1981-12,454.43579,390.73761,12.85,.54532802,,,,,
1982-01,454.75409,388.75009,14.32,.75689399,,,,,
1982-02,455.07141,390.68839,14.73,.453381,,,,,
1982-03,455.07141,389.94629,13.95,.90809101,,,,,
1982-04,455.3877,389.0759,13.98,.69748002,,,,,
1982-05,456.3306,388.457,13.34,.712093,,,,,
1982-06,457.4711,388.12091,14.07,.64298099,,,,,
1982-07,457.9852,387.80441,13.24,.61346602,,,,,
1982-08,458.19019,386.96979,11.43,-.113349,,,,,
1982-09,458.19019,386.6297,10.85,.47666401,,,,,
1982-10,458.59869,385.76599,9.3199997,.12542699,,,,,
1982-11,458.4967,385.37451,9.1599998,.49941301,,,,,
1982-12,458.19019,384.64511,8.9099998,.69748199,,,,,
1983-01,458.39471,386.54199,8.6199999,.328926,,,,,
1983-02,458.4967,385.9379,8.9200001,.26702201,,,,,
1983-03,458.59869,386.77011,9.04,.215837,,,,,
1983-04,459.30981,387.9783,8.9799995,.119112,,,,,
1983-05,459.71381,388.66171,8.8999996,-.081389003,,,,,
1983-06,459.91519,389.20261,9.6599998,.087245002,,,,,
1983-07,460.3168,390.71069,10.2,-.075866997,,,,,
1983-08,460.617,391.79379,10.53,-.177673,,,,,
1983-09,460.9162,393.30539,10.16,-.047111999,,,,,
1983-10,461.31381,394.11081,9.8100004,-.065370001,,,,,
1983-11,461.61099,394.41861,9.9399996,.047045,,,,,
1983-12,461.90729,394.92841,10.11,.129582,,,,,
1984-01,462.59531,396.93311,9.8999996,.057239,,,0,0,0
1984-02,463.0838,397.42709,10.04,-.050522,,,.0099999998,0,-.0099999998
1984-03,463.37579,397.8902,10.59,.030464999,,,0,0,-.0012903
1984-04,463.7637,398.50562,10.9,.147306,,,0,0,-.0087096998
1984-05,463.95721,398.99979,11.66,-.28567901,,,.0087096998,.0116129,.0087096998
1984-06,464.15021,399.35391,12.08,-.0060049999,,,.0212903,.0283871,.0212903
1984-07,464.53519,399.68399,12.03,-.120269,,,.0090322997,.0045161,0
1984-08,464.823,399.76019,11.82,.221358,,,.0045161,.0022581001,0
1984-09,465.10989,399.60071,11.58,-.017890999,,,-.0135484,-.0067742001,0
1984-10,465.49121,399.4657,10.9,-.23375501,,,.0093548,0,.0093548
1984-11,465.6813,399.8443,9.8199997,-.067831002,,,.031311799,.0153333,.0159785
1984-12,465.87109,399.94861,9.3299999,.001616,,,-.25131181,-.23468819,-.21404301
1985-01,466.06049,399.70639,9.0200005,-.074955001,,,-.45935479,-.42064509,-.38129029
1985-02,466.6265,400.13199,9.29,-.095077999,,,-.0128571,-.0128571,-.0128571
1985-03,467.09579,400.2525,9.8599997,.138643,,,.0012442,-.00036870001,-.0068203001
1985-04,467.2829,400.01031,9.1400003,-.029021,,,-.0213871,-.0297742,-.045989301
1985-05,467.4696,400.1366,8.46,-.19403701,,,-.17667741,-.19119351,-.1846559
1985-06,467.74911,400.2067,7.8000002,.212439,,,-.1703226,-.1858065,-.19967739
1985-07,467.935,399.51141,7.8600001,.134211,,,0,0,0
1985-08,468.12051,399.9523,8.0500002,.14692099,,,.0193548,-.044193499,-.0041935001
1985-09,468.30569,400.375,8.0699997,.25098401,,,-.0026882,.0075269002,-.00080649997
1985-10,468.67499,399.97339,8.0100002,.294745,,,-.0063441,.0066666999,.0146774
1985-11,469.1348,400.3154,7.8800001,.29036,,,.0080107003,.0083333002,.00032260001
1985-12,469.5925,401.33951,7.6700001,.032191999,,,-.0028494999,.0016667,0
1986-01,469.95709,401.8288,7.73,.33818701,,,-.0054839002,0,0
1986-02,469.7749,401.0961,7.6100001,-.28549001,,,.0057143001,.0057143001,-.0057143001
1986-03,469.2265,400.46481,7.0300002,.58569002,,,.020414701,.020414701,.036036901
1986-04,468.85919,400.53329,6.4400001,.54437,,,-.0024623,.0212043,.0270107
1986-05,469.1348,400.70801,6.6500001,.030158,,,.0092366003,.0226667,.026215
1986-06,469.5011,400.38599,6.73,.022067999,,,-.0215699,-.0086666998,-.0108817
1986-07,469.5925,401.02939,6.27,.77326399,,,.019957,.019957,.0115269
1986-08,469.68369,400.81369,5.9299998,.70852,,,-.0067742001,-.0067742001,-.0135484
1986-09,470.048,400.98721,5.77,.31400499,,,-.039182801,-.041516099,-.042978499
1986-10,470.22971,401.44571,5.7199998,.54546303,,,-.0153333,-.023,-.0076665999
1986-11,470.41101,401.9075,5.8000002,.66925502,,,0,0,0
1986-12,470.77271,402.77859,5.8699999,.69904101,,,0,-.0048386999,0
1987-01,471.31271,402.45432,5.7800002,.55411601,,,.0054839002,-.0051612998,-.0054839002
1987-02,471.6712,403.73859,5.96,.63077903,,,-.0015553,0,.0015553
1987-03,472.02829,403.89529,6.0300002,.51899201,,,-.0039285002,0,.0039285002
1987-04,472.4729,404.49341,6.5,-.384307,,,.017666699,.017333301,-.0023333
1987-05,472.7388,405.17499,7,.259175,,,-.063795798,-.073462397,-.083150402
1987-06,473.1803,405.69901,6.8000002,.244076,,,.0061289999,.0061289999,-.024516201
1987-07,473.44421,406.33801,6.6799998,.48499501,,,-.023225799,-.0154839,.0077419002
1987-08,473.88269,407.05859,7.0300002,.469987,,,-.0067742001,.020645101,.027419301
1987-09,474.23199,407.32401,7.6700001,.492706,,,.1593333,.1788388,.1418388
1987-10,474.49319,408.82932,7.5900002,-.843692,,,.0384086,.1127741,.13170969
1987-11,474.84039,409.3584,6.96,.264651,,,-.0067419,.1272258,.1842903
1987-12,475.01361,409.82349,7.1700001,.0067150001,,,.0038387,-.0043226001,.0160322
1988-01,475.35901,409.86691,6.9899998,-.181428,,,.0025807,.0090322001,.030967699
1988-02,475.53131,410.27161,6.6399999,.228407,,,-.0174194,-.0087096998,-.0065517002
1988-03,475.78909,410.508,6.71,-.048409998,,,-.00064520002,.00064520002,-.0028031
1988-04,476.38821,411.03799,7.0100002,.001875,,,-.0093548,.0093548,.0093548
1988-05,476.6438,410.95169,7.4000001,.049412999,,,.0254838,.031290401,.023871001
1988-06,477.06851,411.1965,7.4899998,.093572997,,,.047516201,.037709702,.026129
1988-07,477.4913,411.3269,7.75,-.230565,,,.019580601,.053580601,.0183871
1988-08,477.91241,411.74701,8.1700001,-.014694,,,.1087097,.1209677,.1151613
1988-09,478.3316,411.40329,8.0900002,.146262,,,.0353764,.043118302,.043118302
1988-10,478.6658,411.92569,8.1099997,.236986,,,-.0066666999,-.0066666999,-.0066666999
1988-11,478.9989,412.09781,8.4799995,.101988,,.042318702,-.0096666999,.0196667,.0126666
1988-12,479.33081,412.53229,8.9899998,.23073,,.037943602,.038053799,.0322688,.023785001
1989-01,479.7442,412.79001,9.0500002,.138146,,-.0120248,.0141935,.018064501,.0135484
1989-02,480.0737,412.37219,9.25,-.0040899999,,.0326369,.0027765001,.0071427999,.0267857
1989-03,480.56589,412.65359,9.5699997,.280599,,.1175115,.043675099,.060921699,.061278801
1989-04,481.29971,412.69312,9.3599997,.50670999,,-.063225798,-.0090322001,-.018064501,-.018064501
1989-05,481.78589,412.02301,8.9799995,.227865,,-.0107129,-.0048386999,0,-.0048386999
1989-06,482.1088,412.08481,8.4399996,.408043,,-.0218438,-.055161301,-.050000001,-.038494602
1989-07,482.4306,411.1171,7.8899999,.64117402,,-.024849501,-.036129098,-.038064498,-.048924699
1989-08,482.4306,411.97961,8.1800003,.352247,,-.0130639,-.019677401,-.024838701,-.020645101
1989-09,482.6712,411.72391,8.2200003,.37395099,,0,-.0141935,-.0070968,-.0070968
1989-10,483.15091,411.616,7.9899998,.27453399,,-.0755613,.0129032,.0090322997,.0064516002
1989-11,483.5488,411.918,7.77,.46382201,,-.1908154,-.0455699,-.041698899,-.0211183
1989-12,483.866,412.5047,7.7199998,.40633401,,-.095657498,-.018946201,-.0150753,-.0130753
1990-01,484.81161,411.89691,7.9200001,.121781,0,-.1036358,-.0183871,-.0122581,-.0122581
1990-02,485.203,412.8269,8.1099997,.241804,-.015,-.0105,.015,.0074999998,.0074999998
1990-03,485.67068,413.36292,8.3500004,.34957299,-.0075806002,-.0035000001,.0024194,-.000080600003,-.001371
1990-04,485.90369,413.23141,8.3999996,-.029281,-.0174194,0,-.017419299,-.0174194,-.026129
1990-05,486.05869,413.42429,8.3199997,-.071916997,0,0,-.0103226,-.0103226,-.0103226
1990-06,486.67651,413.74469,8.1000004,.035863999,0,0,-.0096773999,-.0096773999,-.0096773999
1990-07,487.1373,413.59949,7.9400001,.0065279999,-.066451602,-.084439702,-.0158065,-.0096773999,-.0183871
1990-08,487.97672,413.8833,7.7800002,-.26967299,-.0335484,-.053330299,-.0141935,-.0103226,-.0116129
1990-09,488.65829,414.08221,7.7600002,-.051052,0,0,0,0,0
1990-10,489.33521,413.3222,7.5500002,.099413,-.011281,.0074526002,-.0167742,0,-.0103226
1990-11,489.55981,412.10239,7.3099999,.258542,-.0130424,-.0157576,.022440899,0,-.0040107002
1990-12,489.93311,411.40359,7.0500002,.192606,-.095666699,-.1617195,-.065989301,-.0522581,-.010828
1991-01,490.30499,410.96271,6.6399999,.22076,-.1674193,-.23954131,-.1780645,-.12516131,-.0722581
1991-02,490.37921,410.319,6.27,.139982,-.2304378,-.1030241,-.089469999,-.0904378,-.060437702
1991-03,490.37921,409.79779,6.4000001,.095123999,-.0363364,-.024090299,-.065691203,-.044078398,-.0476267
1991-04,490.6015,409.9621,6.2399998,.092675999,-.0321398,-.0288599,-.033451598,-.0343978,-.0895162
1991-05,490.97089,410.96271,6.1300001,.106881,-.19463439,-.1633722,-.2030001,-.1781828,-.1340322
1991-06,491.2655,411.9382,6.3600001,.033201002,-.0090322001,.0087521998,0,.0045161,.0090322001
1991-07,491.41241,411.91199,6.3099999,.115509,.0087096998,0,.017419299,.017419299,.0087096998
1991-08,491.70569,412.06119,5.7800002,.074946001,-.080322601,-.112,-.0993549,-.079032302,-.0670968
1991-09,491.99811,412.92899,5.5700002,.088652,.0016129001,.0182359,-.0080645001,.013613,-.0016129001
1991-10,492.14401,412.71011,5.3299999,.086014003,-.0025806001,-.033457302,-.0109677,.0176774,.0096773999
1991-11,492.58041,412.60211,4.8899999,.095895998,-.1374193,-.111752,-.094032302,-.074677497,-.0746774
1991-12,492.87021,412.23679,4.3800001,.02729,-.1206452,-.1369421,-.1227419,-.1143548,-.064032197
1992-01,492.9425,411.6077,4.1500001,-.038977001,-.1493548,-.1983844,-.172258,-.1706451,-.1009678
1992-02,493.15921,412.38531,4.29,-.013052,0,.0104358,-.0082759,.0082759,-.0082759
1992-03,493.51929,413.1774,4.6300001,-.03771,0,.0021740999,-.0017241,.0017241,-.0017241
1992-04,493.73471,413.88809,4.3000002,-.01459,-.1493334,-.146796,-.1833334,-.1586667,-.1733333
1992-05,493.94971,414.24329,4.1900001,-.096207,-.046799701,-.057143901,-.058924701,-.057462301,-.062795803
1992-06,494.23569,414.2374,4.1700001,-.148848,.0061229002,0,.0122581,.0061289999,.0061289999
1992-07,494.52081,415.09851,3.5999999,-.23342501,-.29032251,-.082761303,0,.0387096,.0387096
1992-08,494.73401,414.59671,3.47,-.063198,-.0054839002,.0080730999,.0041935001,-.0029032,.0054839002
1992-09,494.9469,414.81189,3.1800001,.010572,.0148064,.0149982,-.0031936001,-.0148064,-.0121936
1992-10,495.37119,415.59161,3.3,.00071400002,.0090645999,0,.0070646,-.001,-.0020000001
1992-11,495.65311,416.00839,3.6800001,.050682001,.0019355,-.0216625,.0019355,.0043334002,.0043334002
1992-12,495.79379,416.0321,3.71,.082521997,-.0029032,-.017083401,-.0029032,.0027634001,-.0059463
1993-01,496.1445,416.52499,3.5,.03413,-.0070968,.027485801,-.0070968,-.0070968,-.0283871
1993-02,496.3544,416.89221,3.3900001,-.011742,-.017857101,0,0,.0089285001,0
1993-03,496.49399,416.85461,3.3299999,.00053199998,-.0021428999,0,0,.0010715,.0103226
1993-04,496.84229,417.15521,3.24,.0050229998,0,0,0,0,.0296774
1993-05,497.12009,416.8035,3.3599999,-.010239,-.0083871,-.0108318,-.0083871,-.0083871,-.0125806
1993-06,497.18951,417.0112,3.54,-.092368998,-.0116129,-.0149982,-.0116129,-.0116129,-.017419299
1993-07,497.32791,417.3179,3.47,-.098521002,0,.020872099,-.0077419002,0,0
1993-08,497.53531,417.2778,3.4400001,-.126471,.0045161,.0060878,.0067742001,0,.0090322001
1993-09,497.6734,417.7493,3.3599999,-.038513999,.0084838998,0,.0109677,-.003,.0049677002
1993-10,498.0863,418.48279,3.3900001,-.111725,.0070000002,0,0,-.0070000002,-.0139999
1993-11,498.36069,418.88669,3.5799999,-.169558,0,.0107708,0,0,0
1993-12,498.56589,419.3894,3.6099999,-.200074,-.0032258001,.0123093,0,0,-.025806401
1994-01,498.56589,419.79059,3.54,-.26945499,-.0067742001,0,0,0,-.054193601
1994-02,498.83899,419.8418,3.8699999,-.459178,0,.1458303,.13392849,.125,.1428571
1994-03,499.1113,420.86441,4.3200002,-.350492,0,.0174965,-.000057500001,-.001129,.0010139
1994-04,499.1792,421.39441,4.8200002,-.320025,.052000001,.064997599,.0007956,.0051290998,.0051290998
1994-05,499.38281,421.94199,5.3099999,-.31952199,.092193499,.1385798,.0114625,.017129101,.017129101
1994-06,499.65359,422.60449,5.27,-.36392,.025806401,.0571458,-.036129002,-.036129098,-.036129098
1994-07,499.99109,422.7623,5.48,-.323668,0,-.0416,0,.0083871,.0083871
1994-08,500.39459,423.3295,5.5599999,-.296783,0,.055994902,.0154839,.0067742001,.0016129001
1994-09,500.59579,423.64679,5.7600002,-.42853999,-.0039999001,.047995199,.0118494,.0035053,0
1994-10,500.66269,424.51599,6.1100001,-.32665899,-.026000001,-.078000098,-.017333301,-.0086666001,0
1994-11,500.93011,425.1532,6.54,-.30399001,.0426667,.064000003,.021333201,.016000001,.016000001
1994-12,501.13019,426.19159,7.1399999,-.25307399,.0179784,-.0312749,.022537701,.017870899,.021741999
1995-01,501.3963,426.38641,7.0500002,-.273132,-.0306451,-.1381851,.0061289999,.0061289999,.0122581
1995-02,501.66171,426.32281,6.6999998,-.327196,0,.062229998,.050000001,.060000099,.059999902
1995-03,501.86041,426.48239,6.4299998,-.32960701,.0025806001,-.0012903,.0025806001,.0025806001,.0025806001
1995-04,502.25641,426.43951,6.27,-.25970101,.017419299,-.0087096998,.017419299,.017419299,.017419299
1995-05,502.4538,426.7027,6,-.40186301,0,2.8600000e-06,-.0029032,-.0029032,0
1995-06,502.65079,427.0672,5.6399999,-.18721101,0,7.1499999e-06,-.0070968,-.0070968,0
1995-07,502.78201,426.68149,5.5900002,-.34660301,-.1258065,-.093599997,-.22645161,-.2180645,-.2096775
1995-08,502.97839,427.9903,5.75,-.248873,-.024193499,-.0068935002,-.024193499,-.022580599,-.024193499
1995-09,503.1091,428.35889,5.6199999,-.207413,.0049999999,.0283252,.050645102,.053978398,.042204399
1995-10,503.37009,428.18109,5.5900002,-.17884199,.025,.0250083,.050000001,.0666667,.041666601
1995-11,503.50031,428.43961,5.4299998,-.095936,0,.021328099,.016000001,.0106666,.016000001
1995-12,503.63031,428.82581,5.3099999,-.087709002,-.0209677,-.0192519,.0014195,-.0032472999,-.0027741999
1996-01,504.1488,428.1644,5.0900002,-.116741,-.0296774,-.0534642,-.0180647,-.0183871,-.0245161
1996-02,504.3425,429.74701,4.9400001,-.330019,-.0193548,-.029041899,-.0193548,-.029032201,-.0387096
1996-03,504.66461,429.59161,5.3400002,-.34044299,.0019336001,.0019355,.0019355,.0038709999,.0019355
1996-04,505.04971,430.4256,5.54,-.29427299,.0080564003,.0080645001,.0080645001,.016129,.0080645001
1996-05,505.2417,431.11981,5.6399999,-.327362,0,-3.5800001e-06,.0070968,.0035484,.0070968
1996-06,505.43329,432.00531,5.8099999,-.30397701,0,-6.4400001e-06,.0129032,.0064516002,.0129032
1996-07,505.6246,431.87299,5.8499999,-.373247,-.028064501,-.067326799,-.018709701,-.0093548,-.0093548
1996-08,505.75189,432.52191,5.6700001,-.43653399,-.0019355,-.0155555,-.0012903,.0070968,.0032258001
1996-09,506.06949,433.05161,5.8299999,-.42442501,-.030333299,-.0452777,-.020999899,-.0040752999,-.0125376
1996-10,506.38599,433.05579,5.5500002,-.38140601,-.0996667,-.092000097,-.068999998,-.053666599,-.061333399
1996-11,506.7016,433.87421,5.4200001,-.34966201,-.0060000001,-.0105898,-.0060000001,-.0120001,-.017999999
1996-12,506.95331,434.5137,5.4699998,-.44294301,-.0088387001,-.0017035,-.0039999001,-.0080000004,-.0168387
1997-01,507.14169,434.62701,5.6100001,-.35026199,-.0051612998,.0057135001,0,0,-.0051612998
1997-02,507.32971,435.83191,5.5300002,-.48587099,0,-.031302899,.0085714003,.017142899,.025714301
1997-03,507.3923,436.59741,5.8000002,-.51208401,.0090322001,.0038151999,.016106101,.0197927,.0189631
1997-04,507.4549,436.64221,5.9899998,-.43846899,.030967699,.030967699,.050322499,.058064502,.0503227
1997-05,507.4549,437.3299,5.8699999,-.436481,-.034838699,-.038187001,-.0270967,-.0212903,-.0193548
1997-06,507.6423,437.78131,5.6900001,-.50729001,-.055161498,-.060463,-.042903401,-.033709601,-.0306453
1997-07,507.76709,438.3895,5.54,-.52586198,-.0193548,-.020690201,0,0,0
1997-08,508.01611,439.7059,5.5599999,-.501028,.0035484,-.00069399999,.0041935001,.0062902998,.0062902998
1997-09,508.26459,440.57309,5.52,-.599141,.0058064,-5.7200000e-06,.0056400001,.0085429996,.0088764001
1997-10,508.4505,441.2547,5.46,-.47386,0,0,-.0048334999,-.0048333001,.0048333001
1997-11,508.57431,442.1395,5.46,-.39691699,0,-.026384801,-.0190001,-.018999901,-.022166699
1997-12,508.63611,442.49411,5.5300002,-.45315599,-.0051612998,-.0152752,-.0135806,-.016161401,-.017994599
1998-01,508.75961,442.98761,5.2399998,-.37401801,-.0048386999,0,-.0024194999,-.0048386999,-.0048386999
1998-02,508.75961,443.07639,5.3099999,-.353293,0,0,.0133929,.0178572,.0223215
1998-03,508.75961,443.14191,5.3899999,-.402522,0,-.00032260001,.0016072,.0023042001,.0026785
1998-04,508.883,443.52209,5.3800001,-.47614899,0,-.0096773999,0,.0048386999,0
1998-05,509.1293,444.19019,5.4400001,-.43583101,-.0041935001,-.0108361,-.0062903999,-.0062902998,-.0062902998
1998-06,509.25229,443.60489,5.4099998,-.42187399,-.0058064,-.0150039,-.0087096998,-.0087096998,-.0087096998
1998-07,509.49771,443.17899,5.3600001,-.38560501,.0099900002,-.0051599001,0,.0049999999,.0049999999
1998-08,509.62009,445.2782,5.21,-.040715002,.0045161,.0053877998,-.0022581001,0,-.0022581001
1998-09,509.6813,444.9563,4.71,-.103384,.0101504,.0098754996,-.0024085001,.00066660001,-.0017419
1998-10,509.92569,445.7471,4.1199999,.00044100001,-.071763299,-.086147301,-.1379142,-.1414732,-.1368065
1998-11,510.04761,445.65948,4.5300002,.029069999,-.1129031,-.1416833,-.1314192,-.1218603,-.12886021
1998-12,510.23029,446.01349,4.52,-.106692,0,-.036922701,-.017612901,.0010538,-.0053333002
1999-01,510.4126,446.4603,4.5100002,-.124938,0,0,-.0033869999,-.0033871001,0
1999-02,510.4126,446.89301,4.6999998,-.352341,0,.0051998999,.0139284,.0092856996,.0046428
1999-03,510.4733,447.10721,4.7800002,-.275318,-.0012903,-.0002451,-.00054139999,-.00089859997,-.0019009
1999-04,511.13849,447.33801,4.6900001,-.27951601,-.018709701,-.0093548,-.023387,-.023387101,-.032741901
1999-05,511.19879,448.078,4.8499999,-.27965799,.018064501,-.0053877998,.0541935,.065483801,.074516103
1999-06,511.19879,447.88641,5.0999999,-.21386699,.019602099,-.0075420998,.062639698,.076016203,.086484
1999-07,511.6196,448.5621,5.0300002,-.148228,-.067666501,-.028999999,-.091833398,-.1014999,-.1160001
1999-08,511.85931,448.98071,5.1999998,-.147479,.0038709999,.0090322001,0,-.0012903,-.0064516002
1999-09,512.27728,448.70111,5.25,-.0041589998,.0111289,.0259676,0,-.0037097,-.018548399
1999-10,512.45587,449.97211,5.4299998,-.040454,.034838699,-.0363455,.0653226,.087096699,.087096803
1999-11,512.63422,450.47089,5.5500002,-.078501999,.035166301,.032120701,.049677402,.0504032,.0429032
1999-12,512.87152,451.26431,5.8400002,-.31290099,.0282309,.043008301,.0559678,.0499194,.047741901
2000-01,513.16718,451.34189,6.1199999,-.12087,-.0032258001,.0100064,.029032201,.022580599,.032258201
2000-02,513.57977,451.71939,6.2199998,-.10413,.0048274999,-.057033099,0,.0048276,.024137899
2000-03,514.16638,452.11819,6.2199998,.153359,-.0033724001,-.018536801,-.0017741,.0019466,.0026362999
2000-04,514.10779,452.74271,6.1500001,.32984599,-.0064452002,-.029999999,-.0032258001,.0032258001,.0032258001
2000-05,514.28333,452.89279,6.3299999,.498835,.036129199,.0213315,.025806401,.0283872,.023225799
2000-06,514.86572,452.95041,6.1700001,.54953003,.0323699,.017498299,.0221934,.0236129,.018274199
2000-07,515.15558,452.71909,6.0799999,.60797203,-.013509,-.0224998,-.017999901,-.027000001,-.031500001
2000-08,515.15558,452.4523,6.1799998,.76418,.0016129001,-.0055515999,.0048386999,.0096773999,.0096773999
2000-09,515.67542,452.93741,6.1300001,.81664401,.0033871999,-.0116584,.0101612,.0203226,.0203226
2000-10,515.84802,452.48651,6.0100002,1.252061,.023387,0,.037419301,.046774101,.060806502
2000-11,516.02039,452.47421,6.0900002,1.288705,.0016129001,-.0053278999,.0105808,.0085591003,.0041935001
2000-12,516.24982,452.15491,5.5999999,1.360387,-.0020967,.0224199,.0153871,.010957,0
2001-01,516.82092,451.43329,4.8099999,.90969998,-.1422579,-.32905549,-.1243548,-.085967697,-.085645199
2001-02,517.0484,450.8291,4.6799998,.93511498,.019364599,.0085135,-.019032201,-.040322699,-.049354799
2001-03,517.10522,450.55731,4.3000002,.97314298,-.029032201,.0272748,-.0251613,-.034838699,-.034838699
2001-04,517.27539,450.27869,3.98,.772219,-.2063012,-.14639381,-.17850541,-.2111613,-.1786613
2001-05,517.7843,449.54959,3.78,.68665701,-.28644079,-.30103871,-.25536561,-.2752904,-.25198391
2001-06,518.00958,448.879,3.5799999,.97603202,-.0532258,-.029752299,-.0523009,-.048709601,-.066516198
2001-07,517.8407,448.43729,3.6199999,.56316501,.065000102,.091000102,.0563333,.065000102,.052000001
2001-08,517.8407,448.18021,3.47,.60857999,-.0070968,.0054965001,-.0141935,-.0195162,-.015967799
2001-09,518.2345,447.85349,2.8199999,.99834502,-.0129032,.0099932998,-.025806701,-.0354838,-.029032201
2001-10,517.95343,447.3623,2.3299999,.86524802,-.0387096,-.036212701,-.058064502,-.058064502,-.058064502
2001-11,517.89697,446.82141,2.1800001,-.427836,-.1179571,-.1262071,-.1352687,-.1561022,-.1436021
2001-12,517.8407,446.8461,2.22,.359763,-.043655898,-.0302501,-.074086197,-.1019626,-.099462502
2002-01,518.00958,447.4606,2.1600001,.50076699,-.0083871,-.0008872,-.0212903,-.032258,-.031935502
2002-02,518.17828,447.42059,2.23,.71221,.018709701,.023387199,.018709701,.023387199,.0280647
2002-03,518.45892,448.15869,2.5699999,.266711,-.018870801,-.0108361,-.031451501,-.031451698,-.0335484
2002-04,518.90613,448.57629,2.48,.38547799,-.026129,-.0150039,-.043548301,-.043548301,-.0464518
2002-05,519.01752,449.091,2.3499999,.414249,-.016129,.0052016,-.032258298,-.0443547,-.048387099
2002-06,519.07318,450.06369,2.2,.75176197,-.0055376999,.0012484,-.0052419002,-.0098118996,-.0107796
2002-07,519.29572,449.72769,1.96,1.168366,-.0083333999,0,.0125,.0041665998,.0041665998
2002-08,519.57312,449.86511,1.76,1.19177,-.0245161,.0263917,-.0490322,-.098064698,-.1195161
2002-09,519.73907,449.91711,1.72,1.305279,-.016650399,.0213349,-.0333011,-.066601999,-.082483798
2002-10,519.96008,449.5853,1.65,1.110808,-.0038333,.0153334,-.0076665999,-.0153334,-.023
2002-11,520.12549,450.13141,1.49,.78456801,-.0708334,-.1666667,-.058333401,-.070833199,-.074999802
2002-12,520.29071,449.67929,1.45,.66198099,-.0070698,-.033333302,-.0010216,.0035753001,.013387
2003-01,520.7298,450.37619,1.36,.58920401,.0058064,.00096769998,.0087099001,.0130644,.0169356
2003-02,521.27588,450.74509,1.3,.394674,.0270967,.0090322001,.0406451,.0541935,.049677402
2003-03,521.43921,450.54611,1.24,-.153522,-.0090322001,.010762,-.0067742001,0,-.0067742001
2003-04,521.05792,449.72491,1.27,-.138374,-.0109677,.013068,-.0082259001,0,-.0082259001
2003-05,520.89398,449.71121,1.1799999,-.85425901,-.0335484,.0311999,-.067096703,-.096451499,-.1216128
2003-06,521.00317,449.7197,1.01,-.56120902,.0145483,.033,.0070968,.0104516,.00061270001
2003-07,521.33038,450.07169,1.12,-1.32735,.084000103,.1080003,.079999901,.1159999,.096000001
2003-08,521.76501,449.95239,1.3099999,-.225067,0,0,-.016129,-.032258,-.051612899
2003-09,522.0896,450.5585,1.24,-.69479501,0,.0053599002,-.0113709,-.0152419,-.033386901
2003-10,521.98151,450.52219,1.25,-.54341203,-.0012903,.0047146999,-.0141129,-.0123386,-.022419499
2003-11,522.03558,451.27591,1.34,-.54005301,-.0087096998,-.0043547,-.078387,-.1001613,-.1175807
2003-12,522.30548,451.19351,1.3099999,-.49322,.0037096001,0,.0037096001,.040806498,.063064598
2004-01,522.73578,451.48471,1.24,-.71141797,.0019355,.00064520002,.0154839,.038064498,.053548299
2004-02,522.95032,452.0488,1.24,-.28672799,.0043549999,.0043547,.095806599,.161129,.213387
2004-03,523.16431,451.51141,1.1900001,-.53386497,-.0025806001,0,-.030967999,-.041290499,-.051612899
2004-04,523.32452,451.918,1.4299999,-.74057299,-.0024194999,0,-.029032201,-.0387096,-.048387099
2004-05,523.75049,452.64209,1.78,-.32343599,-.0045161,-.0103688,.0045161,.0090322001,.018064501
2004-06,524.12183,451.84769,2.1199999,-.333673,-.00081709999,-.0012777,-.00051590003,.00013450001,.0014355
2004-07,524.2276,452.62799,2.0999999,-.30648199,-.0096666999,-.0048334999,-.028999999,-.024166601,-.0145001
2004-08,524.28052,452.80551,2.02,-.46136799,.0283799,.0052372999,.031935502,.031935502,.028387301
2004-09,524.59711,452.84579,2.1199999,-.598777,.0082767,.0021426999,.0080645001,.0080645001,.0049462002
2004-10,525.12262,453.79611,2.23,-.57480901,-.0066666999,0,-.0099999998,-.0099999998,-.0133333
2004-11,525.59308,453.99551,2.5,-.701047,-.0069931,-.0052499999,-.0139999,-.0279999,-.035000101
2004-12,525.59308,454.66879,2.6700001,-.85373002,-.0059000999,-.0075512002,-.0147097,-.0207098,-.026613001
2005-01,525.54102,455.07932,2.8599999,-.806862,-.0020969,-.0038288001,-.0062903999,-.0062903999,-.0083871
2005-02,525.95758,455.70459,3.03,-1.09208,0,0,-.0144641,-.019285699,-.019285699
2005-03,526.3208,455.6424,3.3,-.73068899,.0032258001,0,.022044901,.0299308,.0331566
2005-04,526.63098,455.73029,3.3199999,-.53511,.0067742001,0,.047419298,.064354897,.071129099
2005-05,526.57941,455.9126,3.3299999,-.38601899,.0093548,-.0051731998,.0140324,.023387199,.032742001
2005-06,526.63098,456.3306,3.3599999,-.56438601,.0011451,-.00052330003,.0028011999,.0032794001,.003758
2005-07,527.24872,456.1933,3.6400001,-.65374202,.0145001,-.0048334999,.053166401,.048333399,.043499898
2005-08,527.86249,456.31851,3.8699999,-.72100502,-.0074192998,-.0052307001,-.0185483,-.0185485,-.022258
2005-09,529.22992,454.34579,3.8499999,-.55572301,.0084193004,.0146806,-.00095179997,-.002785,-.0040752999
2005-10,529.38068,455.58121,4.1799998,-.455134,.0190001,.028500101,.0094999997,.0063334,.0063334
2005-11,528.8772,456.55191,4.3299999,-.38656801,0,-.0051801,.0099999998,.0099999998,.0150001
2005-12,528.8772,457.12021,4.3499999,-.39437401,-.0030646001,-.0052772001,-.0091933999,-.0183871,-.0183871
2006-01,529.48108,457.21719,4.4499998,-.457407,-.0011289,-.0031713999,-.0050001,-.0104837,-.0103226
2006-02,529.53131,457.29761,4.6799998,-.34859699,.024193499,.0048386999,.024193499,.033870898,.0387096
2006-03,529.68158,457.54749,4.77,-.51582497,.0038709999,0,.0070968,.0077419002,.0083871
2006-04,530.18121,457.93381,4.9000001,-.52981502,.026129,0,.047903299,.052258,.056612998
2006-05,530.47961,457.8226,5,-.400727,.024838701,0,.039032198,.046128999,.046128999
2006-06,530.72772,458.207,5.1599998,-.44906899,.0084945997,-.00099990005,.0129678,.0162044,.0162041
2006-07,531.2713,458.2554,5.2199998,-.37863401,-.0233333,-.0140002,-.0420001,-.037333298,-.037333298
2006-08,531.71393,458.4621,5.0799999,-.42324501,-.0270967,-.036526401,-.0270967,-.023225799,-.023225799
2006-09,531.22198,458.33029,4.9699998,-.52298802,-.0079031,-.0161498,-.00057009998,.00055910001,.0042257002
2006-10,530.77722,458.23639,5.0100002,-.540093,-.0011292,-.0106227,.0115378,.0104086,.0156131
2006-11,530.82678,458.12009,5.0100002,-.52447999,-.0038709999,-.0038709999,-.0038709999,-.0077419002,-.0116129
2006-12,531.36987,459.13901,4.9400001,-.66160703,-.0032258001,0,-.0096773999,-.0354838,-.0387096
2007-01,531.53558,458.66071,5.0599999,-.67833102,-.0019355,-.00016140001,-.0053226999,-.019838801,-.0219355
2007-02,531.92273,459.77011,5.0500002,-.73568898,-.0048386999,-.0048386999,0,-.0096773999,-.0193551
2007-03,532.44141,459.8443,4.9200001,-.48583999,-.005326,0,-.0337095,-.040806498,-.040806498
2007-04,532.74103,460.56821,4.9299998,-.485028,-.0096837999,0,-.061290301,-.0741935,-.0741935
2007-05,533.15338,460.6279,4.9099998,-.73634398,.0037096001,-.005223,.0259676,.040806498,.044516299
2007-06,533.38483,460.63281,4.96,-.49532399,.0012903,-.0018167,.0095322002,.0156934,.0179839
2007-07,533.56268,460.6604,4.96,-.084555998,0,0,.0045002,.0135,.0224998
2007-08,533.59363,460.78659,4.4699998,.082753003,0,.0052097002,-.0120969,-.032258,-.040322501
2007-09,534.01642,461.22931,4.1399999,-.0011089999,-.073666804,-.085416302,-.083069801,-.081408702,-.076843999
2007-10,534.32428,460.73911,4.0999999,-.081753001,-.095365502,-.1141396,-.1025753,-.093429998,-.084607601
2007-11,535.10712,461.31909,3.5,.214839,.029032201,-.024184,.067741901,.0870969,.096774101
2007-12,535.39648,461.33371,3.26,.38547501,.0203228,.0210068,.084677503,.0101612,-.0406451
2008-01,535.74072,461.01361,2.71,.67883998,-.039032198,-.1474192,.00064520002,-.017419299,-.029032201
2008-02,535.98218,460.81741,2.05,.84825802,-.2062905,-.42258739,-.1753225,-.1227419,-.080322497
2008-03,536.33929,460.52481,1.54,1.091471,.033870898,.043079399,.0112903,.0045161,.0022581001
2008-04,536.5705,459.7413,1.74,.59478003,.0386291,.0501437,.0108762,.0028172,.00090839999
2008-05,537.16052,459.27451,2.0599999,.62882602,-.072499998,-.062833302,-.082166404,-.077333197,-.053166401
2008-06,538.20288,459.0705,2.4200001,.70485598,.003,-.0019999,-.0060000001,-.0039999001,-.003
2008-07,538.91449,458.61731,2.28,1.0561759,.0120001,-.0079998998,-.0240002,-.016000001,-.0120001
2008-08,538.7655,457.00159,2.1800001,1.150368,-.026129,-.0025959001,-.0217741,-.021774299,-.030484
2008-09,538.85101,452.6987,1.91,1.4943351,.056129001,.053180698,.039274201,.029274199,.0154839
2008-10,537.98743,453.52301,1.42,2.9709449,.0474272,-.043731701,.022177501,.0131452,.0069356002
2008-11,536.20099,452.3573,1.0700001,2.0014119,-.047417201,-.059003402,-.049677599,-.075645201,-.086935498
2008-12,535.37433,449.49438,.49000001,2.23929,-.095489003,-.082668297,-.1522579,-.1574194,-.1574194
2009-01,535.63599,447.21881,.44,2.1762829,-.089520901,-.076856598,-.1440322,-.14951611,-.14951611
2009-02,536.04608,446.57599,.62,2.601959,0,.0043549999,-.0087096998,-.0130644,-.0130644
2009-03,535.90503,445.02802,.63999999,2.1323631,-.0045161,0,-.027097,-.0270967,-.024838701
2009-04,535.96808,444.18649,.55000001,1.926129,-.0051508001,.00033330001,-.032236598,-.031569999,-.027828
2009-05,536.1283,443.1611,.5,.98359501,.0046668001,.0046668001,.0093336003,.0186667,.032666702
2009-06,536.96661,442.79221,.50999999,.63275099,0,0,.0081668003,.0128334,.0186667
2009-07,536.93347,443.65341,.47999999,.078029998,0,0,.0268331,.042166501,.061333202
2009-08,537.26923,444.70111,.46000001,-.228104,-.0032258001,0,-.0096773999,-.0129032,-.0129032
2009-09,537.47229,445.38031,.40000001,-.144004,-.0057743001,-.0013332,-.0306559,-.040430099,-.043096799
2009-10,537.75067,445.69379,.37,-.348584,-.0109999,-.0036669001,-.0696669,-.091666698,-.098999999
2009-11,538.06567,446.17551,.31,-.151492,-.0089910002,-.0051928,-.0134997,-.017999901,-.031500101
2009-12,538.15778,446.6409,.37,-.56973398,-.0035796,-.016577199,-.0015001,.0031612001,.0094031999
2010-01,538.20978,447.69269,.34999999,-.22957399,-.0024194999,-.0158062,.0016130999,.010484,.021774299
2010-02,538.15369,448.07639,.34999999,.036577001,0,-.0041938,.0083871,.0293548,.050322499
2010-03,538.16467,448.83051,.40000001,-.093996003,-.0051612998,-.0026684001,-.0154839,-.023225799,-.0283871
2010-04,538.11908,449.1636,.44999999,-.22701301,-.0058386,-.0025015001,-.0160165,-.0232742,-.0276129
2010-05,538.09558,450.72861,.37,-.177303,-.0090001002,0,-.0134997,-.0135,-.0090001002
2010-06,538.14117,450.94781,.31999999,-.040396001,0,.0013332,.0026664999,.0013332,.0013335
2010-07,538.30719,451.53101,.28999999,.16767,0,.0036669001,.0073333001,.0036666,.0036666
2010-08,538.45868,451.79669,.25999999,-.48936301,0,.0026183,-.0141935,-.024838701,-.0283871
2010-09,538.5957,452.05151,.25999999,-.085991003,.0016668,.0010715,-.0091394996,-.0134945,-.0149462
2010-10,538.90527,451.70871,.23,-.035420999,.0033332999,0,-.0066666999,-.0066666999,-.0066666999
2010-11,539.12201,451.97809,.25,-.15505899,.0046665999,.0077744001,-.0093336003,-.0046668001,-.0046668001
2010-12,539.57532,452.96109,.28999999,-.40317199,.00033330001,.00055549998,-.00066660001,-.0032365001,-.0032365001
2011-01,539.84662,452.83841,.27000001,.081906997,-.00096769998,-.00096749997,-.00096799998,-.0040324,-.0069354
2011-02,540.22632,452.36871,.28999999,-.217003,-.0040321001,-.0040321001,-.0040321001,-.0080645001,-.0201614
2011-03,540.76471,453.38211,.25999999,-.25032601,0,0,0,.0054839002,.0109677
2011-04,541.1106,452.8035,.25,-.216373,0,0,0,.0045161,.0090322001
2011-05,541.49762,453.16589,.19,-.084545001,0,0,0,0,0
2011-06,541.64117,453.34311,.18000001,.081981003,-.0015001,0,.0015001,.0015001,.0045002
2011-07,541.87372,453.91241,.19,-.020915,-.0035000001,0,.0035000001,.0035000001,.0105
2011-08,542.13623,454.45831,.11,-.250424,-.0037096001,-.0052232998,.0037098001,-.025967799,-.059354998
2011-09,542.38611,454.56491,.1,.28926799,.0053762998,.0009632,.019623799,.0126345,.0010216
2011-10,542.37512,455.1214,.11,-.30655599,.0133333,.0055598998,.036666401,.043333299,.043333299
2011-11,542.5166,455.3454,.11,.38204899,.0096666999,0,.0096669002,.0096666999,.0145001
2011-12,542.55542,455.93771,.12,.10295,.00033330001,.0026417,.0064621,.0064623002,.006629
2012-01,542.76123,456.6387,.12,.030121,0,.00053929997,.00048399999,-.0017741,-.0040324
2012-02,543.04547,457.12741,.16,-.121284,0,-.0038709999,-.0116129,-.0193548,-.0270967
2012-03,543.35028,456.5798,.19,-.529989,0,0,.0030646001,.0091933999,.0122581
2012-04,543.35083,457.32379,.18000001,-.36721301,0,0,.0019355,.0058064,.0077419002
2012-05,543.21838,457.57849,.19,-.35084701,0,0,0,0,0
2012-06,543.33899,457.6073,.19,-.067984998,.0036666,.0027536999,.0073333001,.0073333001,.0073333001
