# Uhlig (2005) monthly US macro dataset, 1965:1-2003:12 (T = 468, 6 series).
# Columns: y = real GDP (quarterly, interpolated to monthly), yd = GDP deflator, p = commodity price index,
#   i = federal funds rate (percent), rnb = nonborrowed reserves, rt = total reserves.
# All series except the federal funds rate are 100*log of the original series (the paper's transformation).
# Source: Uhlig, H. (2005), "What are the effects of monetary policy on output? Results from an agnostic
#   identification procedure", Journal of Monetary Economics 52(2):381-419. Obtained verbatim from the
#   `uhligdata` object of the R package VARsignR 0.1.3 (Danne, CRAN, GPL >= 3); the numbers themselves are
#   the underlying US macroeconomic series (FRED/BEA US-government statistics; commodity price index from
#   Global Financial Data via the RATS replication archive), with quarterly series interpolated to monthly
#   per Bernanke-Gertler-Watson (1997) and Bernanke-Mihov (1998). Redistributed with attribution;
#   please cite Uhlig (2005) and VARsignR if you use this file. Retrieved 2026-08-18.
date,y,yd,p,i,rnb,rt
1965-01,803.5612404752289,310.7273648286899,2018.738040609907,3.9,245.55636575911262,248.08986283904613
1965-02,804.1287378501822,310.8167702883779,2017.9611775167427,3.98,244.05192790833595,247.5108807307889
1965-03,804.8455959950227,310.9060958860994,2015.8072777405835,4.04,243.99092838572645,247.5192957600361
1965-04,805.008775833979,311.0845080654496,2016.040278234288,4.09,244.85019678942007,248.8483578278343
1965-05,805.4732244487385,311.26260250254904,2015.7974875635339,4.1,243.51034726941901,247.75462953817078
1965-06,806.0817873429019,311.44038032714894,2013.9977525265533,4.04,243.9473345056167,248.53232296732165
1965-07,806.9135772702589,311.52915086116303,2012.9060234674826,4.09,244.61658214715695,249.09715543502503
1965-08,807.544576882985,311.6178426629858,2014.4818972006944,4.12,244.50390607889793,249.14684076231413
1965-09,808.1289494167506,311.7064558721516,2014.8659076266106,4.01,244.38242046867705,249.08058817189902
1965-10,809.0913964626917,312.0159851929043,2013.7868110257753,4.08,245.3587966530573,249.46919505227973
1965-11,809.791613600229,312.2805356117467,2014.1588293304774,4.1,245.57352724877205,249.213049487732
1965-12,810.865937964961,312.5443880075648,2016.8012942733894,4.32,247.41826864250248,251.08992300622538
1966-01,811.8248777298202,312.5882958019036,2019.0134138874093,4.42,247.4435349920705,250.91926756681556
1966-02,812.3261319121746,312.982600803469,2019.5218195245773,4.6,246.05285710600003,250.08620165781275
1966-03,812.8514401408131,313.2446096869813,2019.445066725841,4.65,245.13498662591573,249.8480769815118
1966-04,812.5198942495917,313.50593387750905,2020.059930213958,4.67,245.28138062407368,250.61787850635397
1966-05,812.7044190619788,313.8099514840913,2020.5798522568796,4.9,244.8847599972298,250.65865987798887
1966-06,812.8198695012454,313.98326175277475,2022.4405690479268,5.17,244.65988531329504,250.60156129982354
1966-07,813.1195360262964,314.32898379116057,2024.630574754082,5.3,245.3501978310906,251.5355023880695
1966-08,813.2074680272981,314.84533605716547,2022.6170585386246,5.53,243.62414778067193,249.85629762354858
1966-09,813.6866450193771,315.23085805960875,2017.1045554719467,5.4,243.88627112865936,250.38101802072327
1966-10,814.0525430667875,315.52968432253294,2014.0071238350395,5.53,243.9298916309868,250.13539811666004
1966-11,813.936756911149,315.70004211501134,2014.1974740090625,5.76,245.0832669454249,250.18457038449236
1966-12,814.428142655907,315.87011018321306,2016.2978818786378,5.4,245.8733775483977,250.3319422795126
1967-01,815.2062599029844,315.99747169480395,2015.5241286755142,4.94,247.85531758158248,251.23596765693011
1967-02,815.0026255666809,316.2093810769216,2015.6390660796894,5.0,247.7882034851036,250.79719227189963
1967-03,814.8532417830122,316.29401925378977,2015.8143043251755,4.53,250.44641490035312,252.07563026816976
1967-04,815.2010732407732,316.50530181706944,2014.351341093942,4.05,251.30080798988752,252.4768183213131
1967-05,814.8416747375118,316.5896900077314,2014.8737626996294,3.94,251.19542108864158,251.91470329427008
1967-06,815.036689642113,317.0525563927154,2014.765648864962,3.98,251.37370314558774,252.22827139039558
1967-07,815.2679029513703,317.3878458937465,2012.4760976858752,3.79,253.4252215249132,254.33327782566124
1967-08,816.2208247194604,317.7220149599368,2010.622803866783,3.9,253.35380711997374,253.98682078619746
1967-09,815.9606403302508,318.0550710546533,2012.7104340839512,3.99,254.61585258197636,255.3032478835601
1967-10,815.8982783541585,318.3870215669386,2013.7988145935335,3.88,256.17905274532774,257.1695779860391
1967-11,816.4988242148956,318.8416617383492,2015.760799752469,4.13,256.48724314258817,257.4975846876868
1967-12,817.3093136819646,319.17101567954313,2018.4205677044665,4.51,256.1250216375334,257.8700529074361
1968-01,817.9272706589674,319.54024686825585,2018.5500817629122,4.6,256.44107509005994,258.316701895552
1968-02,818.6503404163678,319.90811975400214,2017.6165347421545,4.71,255.06163598160344,257.9307325209485
1968-03,819.2487457191944,320.2746442938317,2017.5101900532425,5.05,252.78863148620547,257.91556606911075
1968-04,819.6428542182095,320.5993199037187,2016.4439562263365,5.76,252.02737936252916,257.3909098833009
1968-05,820.4299971958349,320.88254890146993,2016.4374563986617,6.11,251.68089821336017,257.4899688314705
1968-06,820.7998710825703,321.28577525426374,2014.6754456441893,6.07,253.0278279006827,258.4073021282499
1968-07,820.8592509191412,321.6071897535466,2013.6177965831032,6.02,255.93955017787397,259.9350784178869
1968-08,820.9963979028603,321.88758248682007,2014.1893939359993,6.03,255.52874465497996,259.82353350950035
1968-09,821.0591941311696,322.2867846137739,2015.5954514193556,5.78,255.96275293137145,259.78632420674546
1968-10,820.9049874827813,322.8826155721369,2016.1373893032269,5.91,257.1542956447547,260.48355296212236
1968-11,821.475207141014,323.2778730037192,2018.6402676167852,5.82,257.29175271107135,261.36662588740586
1968-12,821.7945831437132,323.75012889913654,2019.4021220220616,6.02,256.6563438746591,262.2274424080806
1969-01,822.4479816495921,324.02458506043934,2019.046203609101,6.3,255.66845284287007,261.21998754453756
1969-02,822.9841730972951,324.2592351485517,2018.755200521252,6.61,255.55980779105334,261.8417208862173
1969-03,823.4347405255907,324.8434627109745,2018.570533324771,6.79,254.56096999014045,261.39592777026144
1969-04,823.2062528017133,325.26973733437114,2019.67229753048,7.41,252.31653619050905,260.0539226716431
1969-05,823.0137589357563,325.5786178888298,2020.139379217319,8.67,252.33257596919452,262.7851925773098
1969-06,823.5031851637154,326.1168737058452,2019.6015259118112,8.9,251.85025992165157,262.43062076692496
1969-07,823.8388927676599,326.65224783355535,2018.3954829618851,8.61,250.46275744002014,260.202279645668
1969-08,823.9303021426925,327.03291064571164,2018.8556538728014,9.19,253.09151709955552,262.3508499225629
1969-09,823.8076993550328,327.52561583043087,2019.751904415671,9.15,254.49821012301422,262.6261525669202
1969-10,823.6190098176274,327.9406324608233,2020.9466813672873,9.0,254.58449478930797,263.2176568523036
1969-11,823.1974748402429,328.3914221047423,2021.1936219530287,8.85,256.2561894353604,265.1268187003226
1969-12,823.3375642066607,328.8401887516811,2019.7919749661519,8.97,256.871150248011,265.0985900480532
1970-01,822.9764420214319,329.32409068235074,2020.4579985705277,8.98,257.474735378779,264.525238627817
1970-02,823.2881433069916,329.8056622742642,2018.8425197219594,8.98,256.640982891526,264.6103872883224
1970-03,823.3874917065957,330.2849258644379,2017.871254293821,7.76,257.81692802476897,264.41159418061187
1970-04,823.245345271858,330.83508312958037,2018.372050563377,8.1,259.25645244945105,265.3875566655938
1970-05,823.3750121683755,331.1272674134168,2017.6173193576353,7.94,256.80215564985065,263.95572046569094
1970-06,823.5975513006995,331.5276319154516,2017.308833542544,7.6,257.99895310346926,264.46132951859397
1970-07,824.2961587808771,331.70908723651553,2017.5381873744357,7.21,254.93670428736544,265.0350464302834
1970-08,824.4693941047885,331.8902138935325,2021.042095919194,6.61,259.8607289720828,265.9000003126918
1970-09,824.1002176479911,332.2875414886685,2022.1548688122155,6.29,262.8068602672577,267.0486780547244
1970-10,822.8040705102334,332.6832966373293,2020.8020694813688,6.2,264.02708786809205,267.276838695757
1970-11,822.6174893280646,333.1847303527362,2020.6246773366204,5.6,264.29782043584953,267.20775406433927
1970-12,824.2071901009315,333.79025312898415,2020.3308041543703,4.9,265.50009800123945,267.8140670696066
1971-01,825.5693353224675,334.3215099123808,2020.0726626204453,4.14,265.60549059838297,268.12954637933905
1971-02,826.072292317719,334.70931226689544,2019.4908832649471,3.72,267.3320720581112,269.5910141208041
1971-03,826.2024774624548,335.1656936102019,2017.3063129135182,3.71,267.26993237992843,269.44920365033596
1971-04,826.2223519435576,335.55024224000255,2017.9496168465846,4.15,268.1432403197918,269.18530661996385
1971-05,826.4486937852878,336.03753871419,2018.6117370403288,4.63,268.7711430106679,270.68494805256915
1971-06,826.8608747620075,336.4879118988044,2019.2791689009746,4.91,267.8552730313187,271.18429993409063
1971-07,827.1709445904568,336.7985247456042,2017.3503506360187,5.31,266.0399387626204,271.6349003916905
1971-08,827.0686331096026,337.0738174177447,2017.3503194448738,5.56,266.58383522929006,272.06373166076816
1971-09,827.6610966464359,337.2797907140457,2015.8172569975156,5.55,270.3238644104988,273.5859901741477
1971-10,827.5855119109531,337.4168709274236,2015.534053290974,5.2,269.82691892471047,272.2018850329606
1971-11,827.4433495416885,337.7587516023022,2015.3555863711265,4.91,269.8942182071483,272.438276238977
1971-12,827.7289978286686,338.26939100975954,2018.4474697982694,4.14,271.4959609403145,272.32671669070703
1972-01,828.6743011586256,338.94621254437345,2021.6610073881275,3.5,273.09200151929576,273.2352493625175
1972-02,829.2848919525509,339.5179309336593,2022.5776307512383,3.29,272.9876922328317,273.19620211485227
1972-03,830.0781927315405,339.68546322280184,2025.0454413533348,3.83,273.3197994634862,273.9548868161581
1972-04,831.2245585218509,339.7858480396641,2027.2756002999436,4.17,274.30311699974555,275.0534812708365
1972-05,831.7209371112435,339.95293245614585,2029.6145788969877,4.27,274.9064177192824,275.6141708569464
1972-06,832.0966606251037,340.2196881995239,2027.9490841956751,4.46,276.05793981140505,276.68849868231024
1972-07,832.1621031857811,340.5189402931693,2029.8855266571138,4.55,274.70785880696883,276.2222679990603
1972-08,832.7170053435244,340.8834808791367,2033.3310138745187,4.8,274.8744187429766,277.32135270086235
1972-09,833.0087408441282,341.4113606928702,2034.5082596169623,4.87,273.8191358014197,277.25887222397813
1972-10,833.5244365149629,341.83822064162564,2036.0739133382006,5.04,274.9639900861373,278.45790500913336
1972-11,834.1569950729573,342.32849781261604,2038.830919123685,5.06,276.2096369519297,279.977821502874
1972-12,835.0715849495906,342.62151446374435,2045.5791747531566,5.33,274.69503500597665,281.2109871026988
1973-01,835.8764708154275,342.94608469350146,2047.9368227369087,5.94,274.39320129899767,281.5887646634929
1973-02,836.9576783327365,343.3987204485146,2049.37390561016,6.58,271.6018370751387,281.6246691579244
1973-03,837.4400761749547,344.0097530619712,2053.7061275036444,7.09,271.4628516462333,282.8673643425949
1973-04,837.7107796736021,344.4895236927875,2056.8724122341687,7.12,270.93826463359886,281.72632860755266
1973-05,838.1226836676162,344.93524235492026,2065.3371280492297,7.84,269.6584722992932,281.3730665570957
1973-06,837.8969665072068,345.5685566946225,2070.395306005393,8.49,270.10255861652456,281.815942378224
1973-07,837.4776728917972,345.91517749227114,2078.0437634030136,10.4,271.0380816440492,283.2507212451025
1973-08,837.1084752568881,347.16558453107166,2096.6096714792275,10.5,268.3142565396025,282.1140762821947
1973-09,837.5417623056362,347.66140209469097,2100.199341228797,10.78,270.02196219870217,281.75023346632895
1973-10,838.2044491655304,348.33916192881424,2097.7529378979993,10.01,273.74795451262133,282.8732732857821
1973-11,838.5082503398545,348.8902962081261,2093.9117829338775,10.03,274.63089132193005,283.1918388315776
1973-12,838.2687610138287,349.4384096388273,2101.5448392016797,9.95,275.5124608488139,283.4447875825836
1974-01,837.6368985038397,350.0741011998417,2106.3490524309764,9.65,278.32195145958065,284.61876362739736
1974-02,837.302254497132,350.7657292763283,2109.5466293962927,8.97,276.8392430108372,284.0539384148289
1974-03,837.4313092640392,351.54185257521783,2106.5399730384725,9.35,276.1085310981352,284.08896877483215
1974-04,837.6792545113144,352.1938999358284,2105.2620230288485,10.51,274.4767784037373,285.059088788432
1974-05,837.9318666747146,353.13480661272007,2104.376634471507,11.31,269.6854428341475,285.7791172440768
1974-06,837.6230828824948,353.97992310997836,2107.854847207291,11.93,266.45161990784817,285.45718537649776
1974-07,837.0422545357187,354.87549460197704,2112.369883855053,12.92,265.21850682608147,286.1400560758699
1974-08,836.4717774219273,355.9909072816976,2113.6619217332145,12.01,264.29782043584953,285.59528310257053
1974-09,836.8003850435006,357.17836822376887,2113.282362526845,11.34,264.63166312968485,285.5607765459825
1974-10,837.314497608376,358.0458705159516,2119.930906603599,10.06,274.3159911548969,285.3534867844191
1974-11,836.4293728490537,359.0163481174779,2129.145935927556,9.45,278.50729687282814,285.95115536426994
1974-12,835.3824489199169,359.8133840807191,2118.503307757548,8.53,282.2746997737023,286.5053949911875
1975-01,835.4596611844951,360.6312730456974,2109.8621229754963,7.13,282.5773975743435,284.91445887111473
1975-02,835.0080195926953,361.2808017162641,2104.787679158126,6.24,284.0422589006834,284.90287943617824
1975-03,835.0574103037559,361.79203651734423,2095.052610295083,5.54,285.26121989591735,285.87090773873234
1975-04,835.5198830190819,362.2472521916337,2093.6591591024485,5.49,285.5722800545652,286.20865886840727
1975-05,835.8070839952013,362.62058595858775,2084.4385079049866,5.22,285.0012619204585,285.37654021083665
1975-06,836.3834531191966,363.2838063230312,2081.154362003855,5.55,286.1514931434183,287.4411738317435
1975-07,837.0193217576134,364.02142821326555,2090.864994932593,6.1,285.2496805467238,286.9715432970504
1975-08,837.5339262362047,364.51887654892033,2099.2982086144143,6.14,285.9282340416093,287.1302195175814
1975-09,838.1943752366208,365.169666298622,2097.172042422198,6.24,285.86517330056233,288.11067477126875
1975-10,838.3856065634975,365.7646751682838,2093.779914628712,5.82,285.6297777562413,286.71599927542275
1975-11,838.7002498150852,366.3818023518565,2089.278976902383,5.22,287.8580288743133,288.1947484247371
1975-12,839.5682968418715,366.842161221154,2090.286042894935,5.2,287.31125600060807,288.0433649190528
1976-01,840.5671512489366,367.1478939433769,2092.882007936717,4.87,286.4312934687156,286.88075799803244
1976-02,841.326942092338,367.40195912069123,2095.0320211014523,4.77,287.49760724181914,287.95354791514796
1976-03,841.4400487217986,367.7059877308594,2096.551067163342,4.84,288.0377537190962,288.3403088580071
1976-04,841.7454620747011,368.034312309165,2099.1214632697206,4.82,287.21512117826364,287.46375101759327
1976-05,841.9013498494302,368.5122405236224,2104.2472302870824,5.29,288.06580657085254,288.703285663065
1976-06,841.9161311143142,368.91294228691436,2109.6383357764366,5.48,288.03214220426634,288.7367248875866
1976-07,842.1525547729311,369.31204483711906,2110.998411620701,5.31,287.4355287387391,288.177939347796
1976-08,842.4158620449005,369.80869348648497,2104.6305038706573,5.29,288.77572318886916,289.3311875954521
1976-09,842.4277143389917,370.4014341698207,2105.028157290311,5.25,288.7478688113737,289.08716329378154
1976-10,842.4180570201631,371.11300630487557,2106.879203391816,5.02,288.942686718306,289.4640411992718
1976-11,843.0641345189807,371.64946211469095,2109.4722629059097,4.95,290.5150895322753,290.9084466828319
1976-12,843.6514448181628,372.20724214697003,2111.482618708387,4.65,290.88118015232897,291.16982779439815
1977-01,843.5184552565731,372.6416057642662,2116.364470427531,4.61,290.97930488763353,291.349131817008
1977-02,844.2437317111546,373.38528197566677,2121.166356521325,4.68,290.29040112427964,290.684641354555
1977-03,844.9734143021001,373.8383649017025,2129.767289273627,4.69,290.6955703163145,291.2622366830985
1977-04,845.5166712457074,374.38410121879105,2128.795058454243,4.73,291.26766984166653,291.66349521952884
1977-05,846.1479615647825,374.7148362237912,2126.722437306055,5.35,291.1208708483337,292.23548037492156
1977-06,846.904442150952,375.0679855019383,2122.307259537955,5.39,290.186105794392,291.6201934597183
1977-07,847.6748209151264,375.39647007698704,2116.1184259652123,5.42,291.37084380754004,293.10870800604596
1977-08,848.001040028852,375.91048990034335,2110.785392880923,5.9,288.24515870950245,294.01667081042825
1977-09,848.2206223302998,376.5145809567386,2113.4674513671475,6.14,290.40006829543984,293.77323292560027
1977-10,848.0479413273837,377.39097032985114,2112.852425702941,6.47,287.1188938479391,294.24897121582717
1977-11,847.8886780161562,378.16865037001423,2112.802516271547,6.51,289.867056071086,294.50703587517626
1977-12,847.9294004662158,378.6913194385302,2107.6942019090056,6.56,291.3437030827161,294.3912524824194
1978-01,847.4237672550661,379.12103852113984,2107.37114186338,6.7,293.4175967854885,295.9586826917638
1978-02,847.9169361712113,379.52644448179507,2107.8125975120893,6.78,295.2563778152612,297.35377880442223
1978-03,849.4779879245964,380.0644417444757,2110.584041107806,6.79,294.22260060308497,295.93794440881925
1978-04,851.3412051909578,380.73289343134803,2111.2040023376935,6.89,293.6565962884775,296.56853522016945
1978-05,852.2109088569837,381.4189645079383,2110.836006033072,7.36,291.4684894700669,297.83317588738237
1978-06,852.8692816542499,381.9469023817538,2110.808875342287,7.6,293.24729339148,298.91103972451043
1978-07,852.8706656374128,382.4284091120139,2109.091110621852,7.81,293.3910059910648,300.16149367121466
1978-08,853.1031005709467,382.929335782915,2111.6580965413523,8.04,293.23663979321714,299.1322565065291
1978-09,853.3957875498967,383.68683318273855,2116.1455604464154,8.45,294.09592477066997,299.5432228544989
1978-10,854.0044109127236,384.5669504878125,2117.9660026457964,8.96,293.55575505179206,300.116747604393
1978-11,854.4858940827488,385.1635855413051,2119.9608270952563,9.76,295.3294390856023,298.9311705751068
1978-12,854.7988122539458,385.6510295497887,2117.774178328639,10.03,293.83679561644203,298.33053785458634
1979-01,854.4660487594676,386.15714619320477,2115.860037865685,10.07,293.4813858584574,298.67419817158583
1979-02,854.6561684287967,386.8280082480227,2116.4777716322674,10.06,291.3599884015372,296.5066859243106
1979-03,854.7516749701009,387.618855241893,2116.271598880025,10.09,291.44679867230275,296.6766795260976
1979-04,854.3172780375185,388.4857337355376,2116.71413299806,10.01,292.2462411626216,297.0619572738916
1979-05,854.7720456584968,389.32478501018124,2119.1358892207477,10.24,287.852407264845,297.31287273441376
1979-06,855.0687927020148,390.09620580687215,2125.40329019029,10.29,291.180703861623,298.60858965021856
1979-07,855.3891495198911,390.80149840306075,2123.8517531195243,10.47,293.5026398436596,299.5332193532651
1979-08,855.3827871358458,391.4420130027867,2121.1526659724427,10.94,294.03781134219133,299.61321935753176
1979-09,855.5399929131671,392.07845110967185,2123.1992940357995,11.43,292.675725905046,299.6082212318279
1979-10,855.7234721453306,392.7699484813154,2123.4612504945276,13.77,290.97930488763353,301.43086591269264
1979-11,855.6911857493457,393.41758100692795,2123.347262927572,13.18,291.73382061259787,301.54368568283263
1979-12,855.7805243900204,394.06104622800586,2125.8094957868484,13.78,295.7407159232323,303.1099417391282
1980-01,856.0988042615861,394.7776175133964,2127.577097545707,13.82,296.7949892541539,302.9795478829692
1980-02,856.1238784554913,395.46992797085824,2132.765939641777,14.13,294.5859023058264,302.9263756762783
1980-03,855.9277109376078,396.2716119743664,2126.7215318062226,17.19,288.3626839769683,303.02786173065743
1980-04,854.8742244803096,396.8970285869896,2124.9998155769404,17.61,289.9992001273155,302.6697852810871
1980-05,853.7740639303898,397.6499024612511,2129.371846507398,10.98,296.6354954843314,301.7493765335504
1980-06,853.3780852320269,398.5087576285151,2127.571123612084,9.47,300.54845649966694,302.40767465631336
1980-07,853.4305929692747,399.0649325883336,2128.4602086895084,9.03,301.5583919256592,303.47606605214696
1980-08,853.699385792618,399.911771227908,2132.0274514737266,9.61,301.31791871577116,304.50461101069124
1980-09,854.4012321851776,400.7878491071668,2134.8855222946613,10.87,299.1774451699647,305.55094775898516
1980-10,854.6821894127308,401.7283516085639,2138.850529448305,12.81,298.75488807459715,305.14980514598477
1980-11,855.7088676859482,402.6957543520246,2137.886285221067,15.85,300.0271953596023,309.78374964911444
1980-12,856.6446105643201,403.56555658734214,2130.3350696721177,18.9,301.1851655433874,309.1724039207717
1981-01,857.4635342776667,404.4278584548617,2129.815417492181,19.08,300.9536554530388,307.6067246206265
1981-02,857.7751928709393,405.2654135167892,2127.1399095096876,15.93,302.21794435688395,308.3743150876704
1981-03,857.8237489861998,405.9407992341204,2125.9660664594094,14.7,304.79451450009253,309.4309836914985
1981-04,856.8177137960678,406.5258981327004,2123.899917814206,15.72,303.73059854639195,309.95065317704456
1981-05,856.7808355925688,407.0564033556697,2119.3129518899977,18.52,300.6622756385164,311.09342032426747
1981-06,857.1145248160598,407.6350298849822,2116.282591580136,19.1,301.0078867260913,310.57519185925406
1981-07,857.9905045212402,408.21032757997466,2117.1701350087355,19.04,302.77153194070416,310.58862820458836
1981-08,858.2604456601905,408.74877747588874,2113.5122541877845,17.82,304.14701652278444,310.7094741407452
1981-09,858.0695550923709,409.5344062555184,2108.020168684622,15.87,304.5997539701541,311.29373644546956
1981-10,857.6193907175373,410.08235283198104,2109.598996103895,15.08,304.99836883859064,310.4407290179647
1981-11,856.8929487663972,410.6602459617603,2110.4215140166134,13.31,307.61595226666054,310.62892641186346
1981-12,856.0411672068332,411.1856987306732,2110.653468730937,12.37,308.2231019170608,311.09787615583775
1982-01,854.7357635462472,411.67581570590005,2111.838056419207,13.22,305.1734463669276,312.09983523863883
1982-02,855.4602649852977,412.0824195026479,2112.9679894659444,14.78,303.3124392771054,311.57794108634414
1982-03,855.4024513786045,412.24459923329755,2109.7374083940267,14.68,303.9653460611919,311.1379697079953
1982-04,855.665810551927,412.535861575127,2111.2937143667614,14.94,303.34614903639977,310.62444963514196
1982-05,855.7569006413212,413.147976888436,2110.6500400751793,14.45,305.8002599280116,310.91502405895477
1982-06,855.783981055913,413.8999202762532,2107.7013139522287,14.15,305.2301625041885,310.76313660514
1982-07,855.5461528126089,414.31347263915325,2109.953135628815,12.59,306.7587710654419,309.928114918255
1982-08,855.2324786278525,414.61460607853644,2109.2263967555245,10.12,308.34225866809794,310.6736831596902
1982-09,855.2900045885107,414.86749067671485,2112.258067083177,10.31,307.970570733017,312.1747994136851
1982-10,855.3515477415589,415.4184562578117,2110.65510462864,9.71,310.9596529703038,313.0656445810511
1982-11,855.5269018668465,415.70063233468113,2113.1813987591036,9.2,312.38176133172095,315.0768275653523
1982-12,855.4564117845398,415.87268211513685,2116.8876230658993,8.95,313.40148613539975,316.1246712031565
1983-01,856.3591926969726,416.29373536877125,2122.194256077646,8.68,312.22327571633326,314.5272340823566
1983-02,856.4576652356739,416.5424143903053,2126.1093229538424,8.51,314.9268478916192,317.39202990663387
1983-03,857.1931345455514,416.6510173022286,2119.3981650029023,8.77,316.2136146875571,319.51567382476077
1983-04,858.2859201698972,416.94520347089065,2122.0918800929335,8.8,317.3459961337718,321.4867803470662
1983-05,858.9725923530574,417.2076910762453,2125.076856157688,8.63,317.41713030837207,321.32600860825653
1983-06,859.4415309579903,417.4694914875759,2122.9891975203645,8.98,316.2982492827661,322.9894891350634
1983-07,860.1357853688986,417.9298268102264,2123.410102066671,9.37,317.40039740726627,323.301538842192
1983-08,860.751823879753,418.2660643270669,2125.8181765122345,9.56,317.09452911106507,323.3803845452437
1983-09,861.6768806756966,418.50989254905653,2123.9255165810205,9.45,317.7803799092736,323.61261782747283
1983-10,862.420733907072,418.7227556368814,2120.7371500941813,9.48,320.31528644029646,323.6872901569855
1983-11,862.8564605373894,418.95032153953304,2118.1051188615934,9.34,319.8305703123491,323.4591681308204
1983-12,863.3677606451968,419.25293941308314,2120.873709821385,9.47,320.2461849599946,323.3449116717661
1984-01,864.3690150324474,419.84042321468786,2118.9989154347363,9.56,320.82596724050114,323.67550349554375
1984-02,864.7349143646162,420.2750436065887,2120.116037591241,9.59,323.1081037306563,325.32386034957096
1984-03,865.3495242220082,420.57368501116457,2123.4709289816687,9.91,321.36220479196527,325.11881143354475
1984-04,866.0077211552393,420.87143720375144,2122.727896829097,10.29,319.9325965623485,324.83957914041923
1984-05,866.5818347903322,421.07933748653477,2121.7449386402627,10.32,313.31436293769514,325.5593407803363
1984-06,866.9833588483275,421.30160919395996,2119.970986969834,11.06,312.8382027649455,326.33901941748445
1984-07,867.2722349277365,421.65621949463497,2114.7723440360865,11.23,300.06700625836146,325.89807623645055
1984-08,867.5290359319326,421.89192968037315,2114.630271983556,11.64,289.386564715042,326.1168737058452
1984-09,867.6776516239916,422.0830359494875,2111.330091201917,11.3,293.8262046399441,326.2892710284975
1984-10,867.9094330120572,422.27377769905,2109.6095970242013,9.99,300.8845912699374,326.88462446428406
1984-11,868.3368428467487,422.49341319257024,2111.1589126664576,9.43,308.65322978804295,327.7823747692527
1984-12,868.6865077414845,422.8000947034774,2108.913978996282,8.38,316.5896900077314,329.197757666626
1985-01,868.8524576910289,423.20754579103783,2107.4504722255338,8.35,324.52840381445026,329.82044314784076
1985-02,869.3122695835376,423.70008626236245,2106.542046956019,8.5,327.01391188057426,331.79606897583557
1985-03,869.5255691289809,424.01750104336406,2104.6953628260576,8.58,325.89807623645055,331.83953149010176
1985-04,869.650355244069,424.0895004704789,2106.1272823807167,8.27,328.0046180098005,332.85908458910626
1985-05,870.0219499814431,424.17583141109264,2104.3369696762506,7.97,329.0116834065445,333.86125064705345
1985-06,870.5697263680908,424.34827002258146,2104.953548947271,7.53,332.0059630202516,336.26990741777206
1985-07,871.0202430915033,424.49174207014744,2103.1366229469613,7.88,333.4166869202935,337.28664918940933
1985-08,871.709268048426,424.63500857029703,2101.7034920897395,7.9,335.35465681861496,339.03386383272795
1985-09,872.1639839895598,424.735173134728,2099.804821494501,7.92,335.9159370315257,340.2995763603535
1985-10,872.0285860621591,424.97801305122334,2102.7027807103755,7.99,337.80993304161785,341.7792255233992
1985-11,872.2765671659507,425.2629541187814,2106.3590642883114,8.05,337.2935071944184,343.088562536398
1985-12,872.8868027715263,425.54708557857845,2108.6435573981303,8.27,340.86032239227484,345.1288286802725
1986-01,873.4030500115178,425.77381091305364,2115.432747419252,8.14,342.680014904166,345.15101955357443
1986-02,873.3669767760179,425.8021154702763,2112.4057508207497,7.86,342.72224394863053,345.5527726207203
1986-03,873.2791549214252,425.7454983420831,2114.5230476070833,7.48,344.591577535042,346.9852418311566
1986-04,873.4825584155917,425.9011183777335,2113.3303740537203,6.99,345.54961550695344,348.32995057427803
1986-05,873.7811958142537,426.3243098683914,2112.3350228260265,6.85,347.9299746549118,350.5947711194287
1986-06,873.971414895916,426.66157831625543,2110.8671696834062,6.92,350.2188364802039,352.60957836930226
1986-07,874.5480291972145,426.7176792994939,2110.9612071945216,6.56,352.5360024282578,354.6941395714862
1986-08,874.69484372275,426.8157803514369,2104.351352160399,6.17,353.7358646472694,356.24371600615495
1986-09,874.8528696861819,427.08157053378795,2108.5016368271276,5.89,354.5932444794003,357.4618334224892
1986-10,874.9570777500857,427.2909070138343,2108.0843843001776,5.85,356.8602686691509,359.20381026643804
1986-11,875.1308334097745,427.48589314803513,2106.3235664146086,6.04,359.83254457730834,361.867155907044
1986-12,875.5149687336825,427.763786893635,2103.48890201696,6.91,363.79808186804,365.947638974462
1987-01,875.3431431834455,428.13772265239515,2102.3561522248456,6.43,365.5348523404991,367.0206188848315
1987-02,876.0087603980907,428.3586561860629,2101.7547881587184,6.1,365.07881029912136,366.51501274146995
1987-03,876.2168682128315,428.53780596180763,2101.4911718118365,6.13,364.76928097836867,366.1354083049184
1987-04,876.6425453492818,428.71663536499216,2106.4418816066145,6.37,365.4158601385547,367.95359391107837
1987-05,876.9549077191972,428.82652548594075,2113.416349532889,6.85,366.0171289977193,368.6476569497626
1987-06,877.2537488856019,429.10072362867135,2112.8914261584405,6.73,365.7646751682838,367.7464551298638
1987-07,877.4697975403295,429.31954209672665,2112.7931892563815,6.58,365.0502384992932,366.78345555181863
1987-08,877.865243108769,429.63325714635187,2113.522554275722,6.73,365.45726479199413,367.1173626995004
1987-09,878.2259954688149,429.8916727950875,2112.8352873594567,7.22,364.45095063779956,366.87787824069335
1987-10,879.2188121360014,430.0952144896211,2111.839848186481,7.29,366.22787723167573,368.6200869908176
1987-11,879.6623309955896,430.3659605599776,2112.8975648445594,6.69,365.68468445326243,367.2851693036739
1987-12,879.874149068438,430.59551977225857,2116.050121605313,6.77,364.12898190210046,366.1456868535964
1988-01,879.759986219968,430.95903414091697,2116.774663719248,6.83,364.8005374903964,367.5794214565281
1988-02,880.0424373334081,431.1872374750675,2113.696396058137,6.58,366.5073323482301,367.5186126981934
1988-03,880.4158507059217,431.44167350118244,2113.9880886120613,6.58,362.66848505208185,367.2241812960913
1988-04,881.0743014895902,431.85542117183087,2113.9247386264096,6.87,360.29129855627446,368.13008085903857
1988-05,881.3666011773585,432.1081649046441,2115.961340162342,7.09,362.3086813563928,368.9654153956508
1988-06,881.5677212190088,432.4927042633309,2121.428428740589,7.51,361.7947203245934,369.74178976339914
1988-07,881.6064431006936,432.92849234158217,2118.73682129987,7.75,361.4667630413983,370.32506914129095
1988-08,881.9304657636495,433.28363904831104,2115.7667417766934,8.01,361.8805641477688,370.21411280971216
1988-09,882.0693493395014,433.55899489002934,2116.664368780277,8.19,362.5966278053806,369.88297849671045
1988-10,882.7113158785585,433.7160013333775,2117.0658696000796,8.3,364.1735434305119,370.02643989805
1988-11,883.1609692970627,433.97713217767676,2118.3044304451428,8.35,362.9235601186421,370.24371320460017
1988-12,883.6652961762107,434.31558602848884,2121.1466025038817,8.76,365.61496294910177,369.9522614212416
1989-01,884.0345684225389,434.8081978620944,2122.3143085378492,9.12,365.73887870225656,369.9052532434273
1989-02,884.0740835593042,435.1438552905858,2118.655000358372,9.36,366.02741971036016,369.7814418171516
1989-03,884.459729364881,435.4526960971297,2119.9899501355253,9.85,363.9584162389059,368.61005966635
1989-04,884.6731443434521,435.799005684564,2119.441955458688,9.84,361.87520106721405,367.83239401744197
1989-05,884.7348374545473,436.0930671379148,2118.891004018775,9.81,362.76953007889387,367.23943178540736
1989-06,885.1226742574088,436.3480717386783,2116.044631989727,9.53,362.7934468486495,366.6761648860317
1989-07,885.1717818390742,436.66591575427594,2114.6074079688537,9.24,365.7982006286058,367.5718223836113
1989-08,885.785805525143,436.7547313409047,2113.6225391403473,8.99,365.7414586483358,367.4679104712795
1989-09,885.7018372061509,436.95744267346424,2113.8564041313266,9.02,366.3869291109769,368.14771243471745
1989-10,885.5272707100723,437.24812218303504,2114.339582151965,8.84,367.9207834417206,369.31204483711906
1989-11,885.6709361994862,437.4876130645041,2114.403582557657,8.55,368.3565359290168,369.2298602159592
1989-12,886.2214494692925,437.7014092850337,2112.6355926930505,8.45,369.297107201719,369.95720836526795
1990-01,886.4676016986054,438.2901252084542,2112.3761082387264,8.23,369.5035466925273,370.5908631106798
1990-02,887.0759909822899,438.62676289311355,2113.885340630698,8.24,367.08173112955274,370.70140243094187
1990-03,887.3203314410491,439.0986376045354,2116.3073883749116,8.28,365.169666298622,370.53431801446015
1990-04,887.208755105521,439.5189621200163,2117.815690706172,8.26,367.01297722760705,371.0273950968093
1990-05,887.1705999623202,439.7776944765114,2118.3047398421845,8.18,367.4805884382577,370.80200976413204
1990-06,887.2530641308446,440.17067054407096,2115.4913439090105,8.29,368.40176546970287,370.5908631106798
1990-07,887.1732656842925,440.36658097773625,2116.1606570648014,8.15,368.49216322595925,370.3768066607687
1990-08,887.2391846176147,440.745068701404,2116.039820255294,8.13,368.82042261988687,371.11300630487557
1990-09,887.2411474940138,441.0128064784756,2113.9064766722177,8.2,370.09809349306084,371.63000496899286
1990-10,886.8801722733685,441.2313327278754,2111.9840945851065,8.11,369.8681259086197,370.8780115820272
1990-11,886.3682234757429,441.37675204579443,2109.0379992216776,7.81,370.6105234779005,371.1741123257199
1990-12,886.1276391038786,441.7755682128127,2109.1287957477075,7.31,372.26526642208574,373.04771477018636
1991-01,886.0702041473861,442.3888088768799,2108.599691542633,6.91,373.0716932855516,374.3438659603284
1991-02,885.9175931571766,442.68804903075073,2108.731801207569,6.25,373.29681072902713,373.89782854144005
1991-03,885.8552040503655,442.8433007488037,2110.564264985857,6.12,372.75471297547756,373.33268688492313
1991-04,886.1272137810053,443.0102257905445,2111.218907969111,5.91,372.9205325585502,373.4736750198731
1991-05,886.6286870048655,443.29573633424246,2112.9842593610965,5.78,374.0760075990925,374.79263614048523
1991-06,887.0261238315575,443.55674016019117,2114.3249045567486,5.9,374.70068427905454,375.49948563207965
1991-07,886.9485344945115,443.7579593794131,2109.834211310032,5.82,374.7360603864008,376.1572139507377
1991-08,886.9474095686863,443.9941706620314,2104.6661880149713,5.66,375.34726612562,377.1219520836156
1991-09,887.3320985695891,444.1945124885125,2104.2005708940924,5.45,375.9850367984515,377.47589407573116
1991-10,887.3580093875006,444.2533602510535,2101.7347364138236,5.21,377.8400180052348,378.4325988257949
1991-11,887.5288526122226,444.5236148071766,2101.138121550754,4.81,379.46573826428875,379.70834233233256
1991-12,887.7450311693372,444.74631899580555,2100.49326036684,4.43,381.23794500995484,381.6634822581663
1992-01,887.9906666671246,444.886719159269,2101.089905820499,4.03,383.0617703177455,383.56817721714236
1992-02,888.6501793556114,445.0969504910791,2105.1148719023054,4.06,386.1192761710821,386.28327612373744
1992-03,889.0797422875057,445.34166307605545,2104.499021366776,3.98,387.5379767729308,387.7265915470141
1992-04,889.328715967317,445.49285226575483,2103.1608183516055,3.73,389.1228286171441,389.30644218268486
1992-05,889.5589900319985,445.6438132187692,2104.0775777380054,3.82,389.61374961979226,389.9261928125532
1992-06,889.7144916861075,445.82929901273314,2105.3290475263657,3.76,389.3329362980892,389.79849311242185
1992-07,890.2943908335303,445.99131733309525,2104.4646988077598,3.25,390.2275653973266,390.799490350771
1992-08,890.443730079408,446.1068842013835,2103.281898421636,3.3,391.7507935658716,392.24682632896844
1992-09,890.7927667884353,446.2107803146254,2104.5626616510344,3.22,393.45278607682155,394.0124435539021
1992-10,891.3999587505714,446.4297627106676,2101.0200755348105,3.1,396.2906215742716,396.56206427769376
1992-11,891.7282542667535,446.62528868014226,2103.6054680115685,3.09,398.1194527622776,398.3133632886099
1992-12,891.6903103441973,446.8204330914934,2107.4673131147456,2.92,399.2828499029589,399.51133719602444
1993-01,891.6269937322037,447.19815917443464,2108.4320018013595,3.02,400.2521628235248,400.55315632858424
1993-02,891.7125689490503,447.4377895738068,2109.4119555296547,3.03,400.0253638822505,400.1077294251657
1993-03,891.8414641263599,447.57446385476334,2110.5129953096207,3.07,400.5130761677271,400.68057734480504
1993-04,892.1584389756339,447.7904834942216,2108.018153190229,2.96,401.2664403545996,401.39837484026134
1993-05,892.1796595030369,447.9833694676794,2106.7657489193875,3.0,403.500141063851,403.71390884513215
1993-06,892.3592529662164,448.0740107609915,2106.4328236916226,3.04,404.16292045501064,404.48041166619646
1993-07,892.537593673425,448.24374206057945,2109.2889374828214,3.06,405.20631699654945,405.62964945845704
1993-08,892.6170790166854,448.40189844239416,2109.521600828889,3.03,405.809542954698,406.41602310447854
1993-09,893.078518673601,448.49216133919157,2107.0795499992278,3.09,406.82572274587824,407.5552424209615
1993-10,893.6612485429796,448.7062097507763,2105.2420580182725,2.99,408.222137241979,408.70345759227337
1993-11,894.0857026881383,448.90857069672893,2107.7534488083393,3.02,409.6475623231055,409.79547044762296
1993-12,894.4950635380003,449.11052297001186,2110.630420177568,2.96,410.06248001792517,410.19819893513124
1994-01,894.7828196570407,449.26731547609455,2113.6409390197978,3.05,410.656953184467,410.77706936605136
1994-02,894.964032193534,449.53553199808846,2115.00917694955,3.25,410.1104992265309,410.2279662541425
1994-03,895.5321662738811,449.7362233353786,2115.6065009027957,3.34,409.8336583491638,409.9265766541169
1994-04,896.011592088283,449.78076676595913,2115.1854392189184,3.56,410.07738499870044,410.2825166691692
1994-05,896.4199395429271,449.9031589926425,2119.741336835748,4.01,409.0821697548061,409.4161212081158
1994-06,896.7340991950623,450.0920164614292,2121.216972569263,4.25,409.0052029136744,409.56104273433345
1994-07,896.7124206922733,450.33589198414063,2126.0003154311717,4.26,409.2743280855127,410.0359767876888
1994-08,896.9632212132476,450.61230323868574,2124.760535531535,4.47,408.64971852771913,409.43445622221003
1994-09,897.1674469898539,450.75573571210913,2128.7187598001638,4.73,408.32499102164877,409.14236337944374
1994-10,897.7457042641001,450.82186599116415,2125.268335536752,4.76,407.70627549875735,408.34858188872244
1994-11,898.0967458410632,451.03099049641315,2125.0311442697976,5.29,407.90617053575835,408.32667626815817
1994-12,898.4946791243225,451.23967858357366,2124.798335990367,5.45,408.0245637842599,408.37722046170654
1995-01,898.4674893274707,451.5026636135126,2126.66295292673,5.53,408.1141112377191,408.34352717140644
1995-02,898.367688294346,451.6994495084366,2126.56071625104,5.92,407.02396935430994,407.1246510976124
1995-03,898.3358212624024,451.7867857585295,2129.6565683902318,5.98,406.30430757213657,406.42289383174773
1995-04,898.3673119713353,451.9285446830922,2129.4172669024106,6.05,405.85619320823287,406.04602517770985
1995-05,898.5397703220324,452.00479325712564,2128.7176104674822,6.01,405.24282191208096,405.50145097581617
1995-06,898.801148872981,452.14624369146065,2130.2779485738392,6.0,404.5836858157057,405.06016392741816
1995-07,898.801523566903,452.320062312084,2130.65368214935,5.85,405.2028396428153,405.84755591411897
1995-08,899.5126547111902,452.51524780020605,2129.752863183664,5.74,404.87542729878044,405.3661446946566
1995-09,899.8267810470973,452.6451601276686,2128.394642920501,5.8,404.4541385128291,404.9399496178932
1995-10,899.8307369291234,452.83971271821775,2126.0015899658915,5.76,403.41521386612095,403.8497053476369
1995-11,900.0953018817551,452.9692044812134,2125.9296176301987,5.8,402.6761410898304,403.04103029260096
1995-12,900.4029355322024,453.1092982591776,2124.9558172084644,5.6,402.84362144113334,403.3000931981049
1996-01,900.2442512252537,453.4747721691546,2124.3222525365577,5.56,402.18813904883854,402.2562089126401
1996-02,900.9981516775692,453.6034447153229,2126.4677909501593,5.22,399.970415806798,400.03268801159794
1996-03,901.1929676345019,453.7640529194492,2126.611167778743,5.31,401.2628232602111,401.30079622753146
1996-04,901.918713041116,453.90303834835464,2129.4952421657367,5.22,400.9512626705403,401.11440962959534
1996-05,902.4572082016107,453.95644288900974,2132.9673276347644,5.24,398.8168899607433,399.0519903568899
1996-06,902.9368703672661,454.052499249456,2129.159084641484,5.27,398.54593235013283,399.26071049841846
1996-07,902.8715372529822,454.1697763032518,2128.2456620294465,5.4,397.1630639699773,397.85408164784576
1996-08,903.2603887653765,454.24433560797866,2129.852828917945,5.22,394.9087549564962,395.54847128386814
1996-09,903.6858033929396,454.4145484150317,2126.7468885057347,5.3,393.16295350670646,393.8820717813524
1996-10,904.019004435063,454.58447199032764,2122.2149518717733,5.24,390.73722072127185,391.31423786960625
1996-11,904.5423275054613,454.7964712217312,2122.191413715074,5.31,390.2921714038943,390.7231544692015
1996-12,904.7441370260111,455.03971601407994,2121.138740313528,5.29,391.19029982275697,391.4998574029675
1997-01,904.688100040135,455.2823705615882,2121.64118534136,5.25,390.4152111047577,390.5058811626513
1997-02,905.2979879541077,455.48238115513533,2125.105246618755,5.19,388.4918987736087,388.57816942229186
1997-03,905.6294853285966,455.5559685434757,2130.2172188322584,5.39,386.49523620351334,386.8238293057124
1997-04,906.2497920041956,455.5664766084252,2130.455052081931,5.51,385.24640655709266,385.798911693566
1997-05,906.7219143512356,455.5664766084252,2135.7293175440764,5.5,383.78381072387697,384.30587049616105
1997-06,907.1680422184095,455.69248733600966,2133.38201734974,5.56,384.1149795784354,384.8998005006695
1997-07,907.5756997641453,455.78689128700785,2127.5277011538055,5.52,383.6652698403369,384.5455761156033
1997-08,908.0068803204924,455.9545007961816,2127.415041859423,5.54,383.6307588180368,384.9125803256033
1997-09,908.2704708193564,456.10092902023223,2125.675698600251,5.54,382.53315772494364,383.48179345191744
1997-10,908.4059204265351,456.1949483533528,2119.869167690243,5.5,382.2142060618706,382.8032515506512
1997-11,908.6774020139069,456.2784469491653,2118.385352502737,5.52,383.3974973731776,383.727790727583
1997-12,908.9743255505915,456.36187588298566,2116.7851653207526,5.5,383.99468139632665,384.69083183388466
1998-01,909.4977779681955,456.4972996236678,2114.799257636561,5.56,383.8484102093276,384.299441901771
1998-02,909.8278563841303,456.53893159762464,2116.1705847523463,5.51,382.15511022640703,382.28201379673754
1998-03,910.033352325576,456.53893159762464,2113.7160846713455,5.49,382.4764325134302,382.56586917751474
1998-04,910.2521280941685,456.58054624658143,2113.0539042793566,5.45,383.0335612667931,383.18969609488613
1998-05,910.5463072883758,456.7052863874963,2111.6337259640295,5.49,381.5401966823721,381.8766714948358
1998-06,910.5385329658485,456.7987394860375,2110.092279086745,5.56,381.11634563170986,381.6700825551821
1998-07,910.7100938565442,456.98538408605236,2109.6064285757757,5.54,379.93021353640273,380.5061208403346
1998-08,911.8898102154251,457.06822555294184,2108.6718380976454,5.55,380.30782964387737,380.91039514203044
1998-09,912.1667615659886,457.11996664169374,2105.2364455137836,5.51,379.8204600227928,380.3813992206036
1998-10,912.9145500817136,457.26469942825315,2100.859161050509,5.07,380.1314883443724,380.5194746495285
1998-11,913.0795956800982,457.36795188967204,2101.915288136463,4.83,380.21858177432415,380.40368235013847
1998-12,913.3004580629965,457.55353808584005,2098.944190417721,4.68,380.71956809319784,380.97909244448505
1999-01,913.6731506017471,457.76962089873365,2100.1523135415814,4.63,379.28339818337855,379.74647645273774
1999-02,913.938665070781,457.8107266438402,2100.178831308205,4.76,378.7796756784903,379.0397597304285
1999-03,914.2179297307463,457.8415448679272,2100.981316582015,4.81,378.1093938101747,378.257469424123
1999-04,914.4189885653882,458.1799199664851,2101.032413989444,4.74,377.255402013687,377.63636359803894
1999-05,914.8470287392885,458.1696829802449,2106.0806217184777,4.74,378.1093938101747,378.39850675414414
1999-06,915.0362103728268,458.12872455247594,2107.5515172310215,4.76,376.6071949943842,376.9398971172732
1999-07,915.4392049210026,458.3537885860977,2106.1046288909233,4.99,373.7407679218422,374.4739803610558
1999-08,916.0150678922914,458.4763376210429,2105.0572267037614,5.07,373.32790414106205,374.1471904233107
1999-09,916.327287316639,458.700621536042,2100.4583650396376,5.22,373.10765028137246,373.91684944071045
1999-10,917.2858625942757,458.7617026740502,2099.5823662394814,5.2,372.1516039390202,372.83164900216093
1999-11,917.7492747482708,458.90408040582076,2101.924035682079,5.42,372.69456549203926,373.26092169752616
1999-12,918.032642617252,459.13754749659023,2102.8146855939867,5.3,372.54042287963085,373.31116273594074
2000-01,917.6673965065596,459.48167739086,2103.1892237646916,5.45,373.39006197614566,374.27756081214636
2000-02,917.8704183461169,459.80448610455034,2105.1534444199983,5.73,371.00047357288844,371.2620394495734
2000-03,918.2894146671752,460.21656769677924,2106.494705466714,5.85,369.30457629833523,369.74922572121585
2000-04,919.1122893447066,460.10617579435484,2106.735428219282,6.02,369.44389713191686,370.19684186556543
2000-05,919.6594326504065,460.17643928532584,2106.3269473684995,6.27,369.5557108867177,370.45067099996356
2000-06,919.7311868406663,460.51701859880916,2103.2479408980103,6.53,368.71780074741787,369.9126770565486
2000-07,919.3363069687805,460.6868742623673,2101.169505521523,6.54,368.2534366554096,369.67732162330367
2000-08,919.25510765665,460.66690621118266,2098.4615355964615,6.5,366.82429792634935,368.2911682334145
2000-09,919.5679423564999,460.9759638321899,2100.7392195332823,6.52,366.97985663011445,368.19051903765995
2000-10,919.701194176485,461.0456190417329,2100.55533096752,6.51,366.34334327824615,367.4095711121187
2000-11,919.9447256841545,461.16491520858006,2099.068667996012,6.51,366.75792059432325,367.4780529734435
2000-12,920.067783970503,461.3336748654485,2100.6309794955405,6.4,364.6154608653939,365.16188187524926
2001-01,919.8822292847647,461.7691466541763,2098.2986610468483,5.98,363.1329787273926,363.3261030350924
2001-02,919.8383168701005,461.96646321385435,2097.930010921903,5.49,364.37251721068264,364.5058174565087
2001-03,919.8266778595653,462.0945105103454,2096.562125285558,5.31,364.25475160294474,364.4065125824095
2001-04,919.8359891763643,462.3991940228679,2095.5911697975225,4.8,364.84740394788975,364.98007308796093
2001-05,919.7188260890764,462.8105157270587,2100.7701194518836,4.21,364.64415714159685,365.19820400101185
2001-06,919.5089668935562,463.01554386820004,2097.447122594942,3.97,366.36385662481416,366.9518229385308
2001-07,919.346375971973,462.8984364087346,2094.126119904643,3.77,367.6503183045881,368.36407560657346
2001-08,919.3860318812231,463.0545492319319,2094.5054390665873,3.65,368.4771026069393,368.93543413371475
2001-09,919.3662058923369,463.4728988229636,2091.62864541266,3.07,400.37084419626564,406.3644775972463
2001-10,919.6470630257277,463.5505385784164,2084.3181175406257,2.49,381.4674750158244,381.74705384869117
2001-11,919.819693802949,463.66688530474624,2083.895922414077,2.09,371.0665407435793,371.2718043593778
2001-12,920.1222934171282,463.6087288622813,2085.139965131882,1.82,371.7879848047394,371.9481401410833
2002-01,920.7523408056267,463.6765747577842,2087.9157856903385,1.73,372.6319737087781,372.7523077706141
2002-02,921.0373371431695,463.73469176833123,2090.0121231458675,1.74,372.09835580144687,372.1709598704639
2002-03,921.2488064033641,463.93783573178285,2094.034350795123,1.73,370.59577856486874,370.78974599496985
2002-04,921.279336093725,464.2369626977198,2093.5767766520958,1.75,370.29056258470285,370.46297642051684
2002-05,921.3641915877253,464.2465970731788,2094.588781226351,1.75,367.10718354639715,367.3918088973776
2002-06,921.8077364112247,464.28512529557804,2094.2306181610215,1.75,367.1911305883782,367.5515553655803
2002-07,922.0890522901318,464.3525139864555,2096.2011677061323,1.73,367.5971503813152,368.0822080486203
2002-08,922.342242751977,464.515983420425,2098.3190743983923,1.74,367.95359391107837,368.7903978492257
2002-09,922.4978706847683,464.66959328165893,2104.051884748843,1.75,366.30486940794145,366.89063122809796
2002-10,922.5451619783374,464.8899948849417,2104.340353122096,1.75,366.4279337245703,366.7936677094011
2002-11,922.7220104322769,464.99523287599845,2103.6430989974215,1.34,367.60221521113806,368.28613817883735
2002-12,922.6204862825522,465.04303173929554,2108.48022547485,1.24,369.2273687181952,369.4264926390274
2003-01,922.8944241833998,465.19583474868506,2113.635441244361,1.24,370.62772312903564,370.6940369431591
2003-02,923.2295582762039,465.53879021487086,2117.5353364536923,1.26,370.8584037388272,370.9196654876831
2003-03,923.2241775691679,465.8805735154001,2113.6418784409598,1.25,371.2327389976485,371.28644993643974
2003-04,923.3757048955589,465.757286478114,2109.4368597573643,1.26,370.8240807592556,370.895165291559
2003-05,923.8407771367037,465.7762636107262,2113.0737197849553,1.26,371.1545624612848,371.2888906574288
2003-06,924.4096179698397,465.8710952916121,2113.0438952246145,1.22,375.2464395739047,375.6234318132168
2003-07,925.3777184877201,465.946895939547,2110.7127461189157,1.01,377.95424890111786,378.25063998925606
2003-08,925.8444586650329,466.2022997580874,2113.447773391944,1.03,382.8097770490385,383.52283504490737
2003-09,926.3176625389992,466.4664757773731,2113.497487773843,1.01,380.22974211494926,380.6306870989901
2003-10,926.4652405382785,466.5229942415754,2118.9232516163324,1.01,378.19143200811254,378.43487121737354
2003-11,926.941367347018,466.50415830254815,2121.1743576596505,1.0,376.97679578472747,377.13346340501295
2003-12,927.1776899402157,466.6829566374819,2126.414029820686,0.98,376.0641820340827,376.17116127636064
